Module	Module_genes	Coherence	TFs_regulators	Metabolites_regulators	Top_3_pathways_molecular_function	Top_3_pathways_cellular_component	Top_3_pathways_biological_process	Top_3_pathways_Reactome	Top_3_pathways_KEGG	PPI_FDR	PPI_fold_enrichment	MetGene_FDR	MetGene_fold_enrichment	MetGene_N_interactions	Functional_Cluster	MegaGO_Cluster	MegaGO_Label	MegaGO_Representative_GO_ID	MegaGO_Label_Source	Expression_rank	Expression_adjusted_pval
12	ADAMTS14|SNAI1|PLAU|CPA4|STEAP1|PAX8|C6orf141|RAB38|CNN1|ITGA3|PAPPA|CAV1|TIMP1|HMGA2|EFEMP1|SRPX2|RUNX1|NNMT|GCNT1|SDC1|AHR|LRRFIP1|CHI3L1|SEL1L3|STAT3|LCTL|C3orf52|TEAD4|COL8A1|P4HA3|CXCL14|CFB|GDF15|CLDN23|CAV2|SLPI|CFI|FAM83G|SERPINE1|SPOCD1|C1S|CHRNA9|KLF5|PTPRU|ABCC3|MET|RARRES1|STC1|KCNN4|TAGLN|PODNL1|AHNAK2|IL11|CP|CCDC71L|MYBPH|CATSPERB|CLCF1|KLF17|TFPI2|IGFBP6|TC2N|CLDN1|PTGES|FBLN5|GJB2	0.6969126028515475	PBX1|VDR|CSRNP3|TFAP4|ZNF704|KLF12	homocysteine|Unknown_015|Unknown_042	Complement Receptor Activity (GO:0004875)|Cytokine Receptor Activity (GO:0004896)|G Protein-Coupled Peptide Receptor Activity (GO:0008528)	Tertiary Granule (GO:0070820)|Ficolin-1-Rich Granule (GO:0101002)|Ficolin-1-Rich Granule Membrane (GO:0101003)	Inflammatory Response (GO:0006954)|Complement Receptor Mediated Signaling Pathway (GO:0002430)|Regulation of Type II Interferon Production (GO:0032649)	Immune System|Signaling by Interleukins|Cytokine Signaling in Immune System	Cytokine-cytokine receptor interaction|Staphylococcus aureus infection|Complement and coagulation cascades	3.2277887451058788e-18	3.5629334818374256	1.0	0.0	0	Cluster_4	Cluster_4	T cell activation	GO:0042110	rrvgo_parentTerm	1	1.0817178877129732e-07
10	CSPG5|MAP2|CADM2|FAM181B|ELAVL3|SOX8|THSD7A|OLIG2|NTRK3|PRR36|KCNQ2|NKAIN4|CDHR1|NCALD|SLIT1|BRSK2|ADD2|LRRTM3|PTPRD|CACNG7|CCER2|MAST1|BCAN|GRIA2|NXPH3|NRXN2|OLIG1|ROBO2|DSCAM|CSMD1|TMEM145|ZNF704|FAM131B|ASIC4|XKR4|BCHE|DGKB|MPPED2|NOL4|LRRTM2|TMEM132B|PIANP|NLGN3|ZDHHC22|TNR|FXYD6|NKAIN3|PURG|SEZ6L|CSRNP3|NRXN1|FGF14|KLF12	0.79331464422612	ZNF704|PURG|KLF12|STOX2|ZBTB12|CSRNP3|PATZ1|STAT6|RELB|SOX8|ZBTB7B	homocysteine	Calcium Channel Regulator Activity (GO:0005246)|Ion Channel Regulator Activity (GO:0099106)	GABA-ergic Synapse (GO:0098982)|Glutamatergic Synapse (GO:0098978)|Perineuronal Net (GO:0072534)	Nervous System Development (GO:0007399)|Postsynaptic Membrane Assembly (GO:0097104)|Postsynapse Assembly (GO:0099068)	Protein-protein Interactions at Synapses|Neuronal System|Neurexins and Neuroligins	Cell adhesion molecules|Axon guidance|Spinocerebellar ataxia	3.2277887451058788e-18	4.357630909390114	1.0	0.0	0	Cluster_4	Cluster_4	T cell activation	GO:0042110	rrvgo_parentTerm	2	1.0817178877129732e-07
0	CELF4|CAMK2A|MTUS2|CRYM|PSD|SLC30A3|MPPED1|PHYHIP|KCNJ4|IQSEC3|HPCA|PRMT8|UNC5A|SLC8A2|HPCAL4|NEFM|CACNA1B|CAMK1G|SNCB|CHD5|SYP|DLGAP3|SYT5|SYT7|PPP2R2C|C4orf50|GABRB2|RBFOX1|STX1B|SLC12A5|SYNGR3|NEURL1|NRGN|DOC2A|SPTB|CREG2|ARHGDIG|GNG3|SYN1|SLC6A17|GPR83|MAP7D2|SLC17A7|PCP4L1|SYT1|RASAL1|MAS1|RTN4RL1|ICAM5|TMEM130|GABRD|FSTL4|SYT4|GALNTL6|CPLX1|KCTD16|CABP1|SV2C|GPR61|SYN2|EPHB6|VWA5B2|SNAP25|ATP2B3|RYR2|ATP8A2|VSTM2L|DDN|GLS2|ADAM11|PACSIN1	0.8536481022162666	MYT1L|ZNF619	creatinine	NA	NA	NA	NA	NA	6.783284039681102e-209	12.609343463186818	1.0	0.0	0	Cluster_0	Cluster_0	No BP enrichment	NA	fallback_no_bp_terms	4	1.0943945219317074e-07
1	LRFN2|GRM5|SGSM1|PRDM8|DYNC1I1|DOC2B|RIMS2|GRM7|STXBP5L|NEGR1|SLITRK1|DPP10|CNTN4|EPHA10|CACNA1E|LRRC7|BEX5|ANKS1B|GRIN2A|CNTN3|DOK6|STXBP6|NAP1L2|SLC7A14|ERC2|KHDRBS2|ATRNL1|KCNH1|ANK3|KCNK9|CDH8|NOS1|RUNDC3B|SNAP91|RELN|CNTNAP2|REPS2|GALNT9|PDE2A|CALN1|KCNH5|RIMBP2|MAGEE1|GNAL|KIF1A|AJAP1|SH3GL2|KSR2|NPM2|CDKL2|NMNAT2|FRRS1L|PNMA3|AMPH|CSMD3|ZFR2|GABRB3|ASPDH|KCNJ9|RIMS1|MCF2|WNK2|ADAMTS8|CACNA2D3|FGF13|NRG3|CACNA2D2|SAMD12	0.75648917624966	KCNIP3|MYT1L|SOX10|ZNF534|TFAP2E|ZNF215|ZNF727	creatinine	NA	NA	NA	NA	NA	9.40516830754125e-21	3.690404543632751	1.0	0.0	0	Cluster_0	Cluster_0	No BP enrichment	NA	fallback_no_bp_terms	5	1.0943945219317074e-07
46	PLA2R1|RUNX3|COL17A1|ZNF600|MAFK|PLAGL1|LTB|FAM110C|FER1L5|ABCA5|ST6GALNAC2|ACTR3C|GPR141|SELENBP1|RARRES2|SPAG17|SLC22A15|SREBF1|CFAP45|CLEC12A|PDLIM4|HLA-DQA1|HLA-DQB1|LPIN3|ITGA2|TFE3|VCAM1|MCOLN2|RARG|IRF4|XKRX|BHLHE41|MTTP|HLA-DRB5|C2orf50|LMNTD1|F2RL1|ESR1|OXER1|ZBTB7B|HSH2D|HTR1D|KLF2|FBLN1|KLHDC7B|PPL|CYB5R2|FOXP1|ASCL2|LOXL4|CTSW|ZNF710|GFI1|ASIP|RGS22|MYBPH|TPPP3|CCNO|AK7|RSPH9|ITK|LGALS12|STAT5A|TNFRSF11B|LRIG3|BANK1	0.5497498893103516	ZNF442|STAT6|ZNF577|ZNF254|ZNF285|ZBTB8B|ZNF891|PGBD1|ZBTB12|NFE2L2|ZSCAN16|ZEB1|RELB	2_hydroxyglutaric_acid	Cis-Regulatory Region Sequence-Specific DNA Binding (GO:0000987)|RNA Polymerase II Cis-Regulatory Region Sequence-Specific DNA Binding (GO:0000978)|Sequence-Specific DNA Binding (GO:0043565)	MHC Class II Protein Complex (GO:0042613)|Platelet Dense Granule Lumen (GO:0031089)|MHC Protein Complex (GO:0042611)	Positive Regulation of Cytokine Production (GO:0001819)|Regulation of CD4-positive, Alpha-Beta T Cell Differentiation (GO:0043370)|Alpha-Beta T Cell Differentiation (GO:0046632)	Generation of Second Messenger Molecules|Interferon Gamma Signaling|PD-1 Signaling	Th1 and Th2 cell differentiation|Th17 cell differentiation|Asthma	0.0042108981902547	1.7305676911781782	1.0	1.2900128040973111	1	Cluster_4	Cluster_4	T cell activation	GO:0042110	rrvgo_parentTerm	9	1.0943945219317074e-07
63	CAV2|BNC2|SLPI|CFI|BDKRB2|TDO2|RFX8|MET|ATF1|PAX8|RAB38|SEMA3C|CD109|NFE2L2|KCNN4|PRLR|ABCA13|CAV1|EFEMP1|COL14A1|GCNT1|CATSPERB|SDC1|AHR|PI15|C9|IGFBP6|TC2N|FCGR2B	0.6887408258641188	ZNF704|RUNX2|HES5|FOSL2|ZNF674|NFKB1|NFIA|STAT6|PBX1	L_leucine|homocysteine	IgG Receptor Activity (GO:0019770)|Intramolecular Oxidoreductase Activity, Interconverting Aldoses and Ketoses (GO:0016861)|Patched Binding (GO:0005113)	Endosome Lumen (GO:0031904)	Positive Regulation of Response to Endoplasmic Reticulum Stress (GO:1905898)|Endocytosis Involved in Viral Entry Into Host Cell (GO:0075509)|Receptor-Mediated Endocytosis of Virus by Host Cell (GO:0019065)	Extra-nuclear Estrogen Signaling|NFE2L2 Regulating ER-stress Associated Genes|NOSTRIN Mediated eNOS Trafficking	Fluid shear stress and atherosclerosis|Bacterial invasion of epithelial cells|Complement and coagulation cascades	8.165627697907614e-05	3.764774541153339	1.0	2.935891209324915	2	Cluster_4	Cluster_4	T cell activation	GO:0042110	rrvgo_parentTerm	10	1.0943945219317074e-07
59	FLT3|ACTRT3|CCDC158|APOB|SNX10|PRPH2|UNC5C|PAQR5|UBXN10|KCNE5|WFDC1|ME1|BVES|ALDH1A1|C16orf89|P2RY2|DMBT1|SELENBP1|IQCA1|ACADL|SIRPB1|CPAMD8|PADI2|KBTBD12|ZNF511|LRRC61|APLNR|HLA-DQA2|SOD3|GLDN|SERPINA5|LMOD1|PTCRA|NIPAL4|TUSC1|SLC7A2|CPXM2|CCL28|PLA2G7|ADIRF|CH25H|RPL39L|GSTM5|BHMT2|EMX2|GPC5|FBXO27|NACC2|IP6K3|TPD52L1|XK|NHLRC1|TFEB|AK7|GLUD2|NAV3|RASGEF1A|ZNF215	0.5007035125571788	MEF2C|IRF8|POU6F2|ZNF334|ZNF793|PPARG|LHX6|ZNF260	NA	1-Alkyl-2-Acetylglycerophosphocholine Esterase Activity (GO:0003847)|Adenylate Kinase Activity (GO:0004017)|Phosphotransferase Activity, Phosphate Group as Acceptor (GO:0016776)	Low-Density Lipoprotein Particle (GO:0034362)	Antimicrobial Humoral Immune Response Mediated by Antimicrobial Peptide (GO:0061844)|Low-Density Lipoprotein Particle Remodeling (GO:0034374)|Negative Regulation of Hydrolase Activity (GO:0051346)	Metabolism|Retinoid Metabolism and Transport|Surfactant Metabolism	D-Glutamine and D-glutamate metabolism|Intestinal immune network for IgA production|PPAR signaling pathway	1.0	0.4623407331240942	NA	NA	NA	Cluster_3	Cluster_3	cilium movement	GO:0003341	rrvgo_parentTerm	11	1.1289025575395418e-07
17	ZBTB39|DRD2|ZKSCAN8|GTF2IRD2|ZNF362|ZNF454|ZNF445|SKOR1|FXYD2|PRDM15|POU6F1|TCF7L1|RFX7|ZNF354C|ZBED3|PBX1|ZNF337|NFIX|ADNP|ZNF785|SOX12|ZKSCAN2|ZNF287|CYP3A43|ZKSCAN3|ZNF514|GTF2IRD1|ZFP2|EBF4|ZNF774|ZSCAN26|ZNF70|ZNF391|ZNF589|IKZF4|ZNF34|ZFHX2|PRSS55|HIC2|FOXK2|ZNF709|ZNF236	0.6734732318218759	STAT6|ZNF445|ZFP2|PBX1|ZBED3|ZNF66|ZNF782|ZNF142|POU2F1|ZSCAN26|ZNF398|ZBTB8B|ZNF384	propylene_glycol|fructose|myo_inositol	RNA Polymerase II Transcription Regulatory Region Sequence-Specific DNA Binding (GO:0000977)|Cis-Regulatory Region Sequence-Specific DNA Binding (GO:0000987)|RNA Polymerase II Cis-Regulatory Region Sequence-Specific DNA Binding (GO:0000978)	Nucleus (GO:0005634)|Intracellular Membrane-Bounded Organelle (GO:0043231)	Regulation of Transcription by RNA Polymerase II (GO:0006357)|Regulation of DNA-templated Transcription (GO:0006355)|Negative Regulation of DNA-templated Transcription (GO:0045892)	Generic Transcription Pathway|Gene Expression (Transcription)|RNA Polymerase II Transcription	Herpes simplex virus 1 infection	0.4171086643295714	1.2680425283791734	1.0	0.0	0	Cluster_1	Cluster_1	regulation of DNA-templated transcription	GO:0006355	rrvgo_parentTerm	12	1.8315637235858034e-07
2	STYK1|NEFH|CPNE7|RBP4|CCSER1|SLC4A10|BSPRY|PRSS3|JAKMIP1|B3GNT4|RSPO2|PTPRR|KCNS1|SPTB|KCNH3|BEX5|KIRREL3|GDA|NELL1|HOOK1|SLC39A12|SCN2B|SNCA|CYP4X1|CCBE1|C1QTNF4|LHX6|CACNA1I|GRM1|SNCG|NPTX1|AK5|CRHBP|CCDC177|ICAM5|ENTPD3|MPP7|WNT10B|SLC26A8|HS6ST3|SOWAHB|NECAB1|TGFBR3L|GABRA2|VIPR1|PCLO|TBR1|CNTN5|SOWAHA|GRM2|EPHB6|POU6F2|SERPINI1|GRIN3A|TESPA1|ACVR1C|GLT1D1|CES4A|HS3ST2|CHGB|C11orf87|KIAA0319|KCNJ12|GRIP1|FBXO2	0.7213282591262183	MYT1L|POU6F2|ZNF808|NR1D1|HLF|ZNF532	creatinine|D_mannose|L_threonine	NA	NA	NA	NA	NA	0.0584808477360423	1.469710061257938	1.0	2.6197183098591545	6	Cluster_0	Cluster_0	No BP enrichment	NA	fallback_no_bp_terms	13	1.8315637235858034e-07
11	CR1|CCR2|IL10|LYVE1|CLEC10A|SLAMF8|FPR3|GPR84|TMEM150B|SERPINA1|SLC11A1|TNFRSF9|TNFRSF8|MCTP2|FPR2|LYZ|VENTX|CD163|HLX|P2RY8|DOK2|RHOH|IL7R|FAM20A|ASGR2|MRC1|BATF|TLR8|FOLR2|IL1R1|STAT6|SPI1|CD300LB|IL2RA|FPR1|VSIG4|PRDM1|PTGER2|LRG1|MAFB|FCGR2B|IL18R1|F13A1|HK3|GPR183	0.8255388620413862	BATF|MAFB|RUNX2|VDR|SPI1|VENTX|STAT6|IRF1	N_formylglycine|phosphoric_acid_(spectral_match)|creatinine	Complement Receptor Activity (GO:0004875)|Cytokine Receptor Activity (GO:0004896)|G Protein-Coupled Peptide Receptor Activity (GO:0008528)	Tertiary Granule (GO:0070820)|Ficolin-1-Rich Granule (GO:0101002)|Ficolin-1-Rich Granule Membrane (GO:0101003)	Inflammatory Response (GO:0006954)|Complement Receptor Mediated Signaling Pathway (GO:0002430)|Regulation of Type II Interferon Production (GO:0032649)	Immune System|Signaling by Interleukins|Cytokine Signaling in Immune System	Cytokine-cytokine receptor interaction|Staphylococcus aureus infection|Complement and coagulation cascades	9.758111002361973e-120	15.880503519046812	1.0	0.0	0	Cluster_4	Cluster_4	T cell activation	GO:0042110	rrvgo_parentTerm	14	2.430661169996026e-07
21	LAMP5|SHANK1|HLF|DAB1|GLB1L3|SCG3|RTN4RL2|RIT2|CDK5R2|RAP1GAP|GAD1|MGAT5B|CGREF1|ADCY1|SREBF2|LOXHD1|ATP2B2|EEF1A2|BSN|OLFM1|PLD5|RIMS4|RGS7BP|ARNT2|CAMK4|PIANP|RGS7|MMD2|NRSN1|OPRD1|HRK|DIRAS2|RPH3A|DDX25|CNTNAP5|KCNA2|SHISA9|UNC13A|PTPRT|KCNB1|PEG3|BEX1|MMP24|KCNC1|ABCC8|CLVS1|ZMAT4|DISP2	0.6915092403802273	MYT1L|OLIG1|OLIG2|ELK1|ZNF649|SOX8|MYCN|OSR1|RORA|STOX2	creatinine	Delayed Rectifier Potassium Channel Activity (GO:0005251)|GTPase Activity (GO:0003924)|Ribonucleoside Triphosphate Phosphatase Activity (GO:0017111)	Neuron Projection (GO:0043005)|Dendrite Membrane (GO:0032590)|Dendrite (GO:0030425)	Action Potential (GO:0001508)|Positive Regulation of Calcium Ion-Dependent Exocytosis (GO:0045956)|Positive Regulation of Regulated Secretory Pathway (GO:1903307)	Neuronal System|Potassium Channels|Voltage Gated Potassium Channels	Aldosterone synthesis and secretion|Long-term potentiation|cGMP-PKG signaling pathway	4.035474538563033e-07	3.0004719082418903	1.0	1.7737676056338028	1	Cluster_5	Cluster_5	potassium ion transport	GO:0006813	rrvgo_parentTerm	15	2.430661169996026e-07
47	LAMP5|CASQ2|GLB1L3|PNMA6A|RAP1GAP|CPNE7|TRIM54|ISLR2|SLC4A10|LOXHD1|VSTM5|KIF1A|OGDHL|TGFBR3L|TBR1|CAMK4|TEF|SOWAHA|KCNA3|KCNH3|KIRREL3|SCUBE1|VSTM2A|ARX|PTH2R|CBLN4|STXBP6|ZCCHC12|ST6GALNAC5|PRRG3|CACNB2|NGEF|BRINP1|CCBE1|SLC27A2|KCNJ6|NPTX1|FAM131C|C11orf87|RTN4R|TENM2|SPRN|GABRB1|ZMAT4	0.5873802588474366	MYT1L|ZNF600|BCL6|ZNF512	creatinine|D_mannose	Voltage-Gated Monoatomic Cation Channel Activity (GO:0022843)|Voltage-Gated Potassium Channel Activity (GO:0005249)|Inward Rectifier Potassium Channel Activity (GO:0005242)	Dendrite (GO:0030425)|Neuron Projection (GO:0043005)|Axon (GO:0030424)	Metal Ion Transport (GO:0030001)|Potassium Ion Transport (GO:0006813)|Regulation of Dendritic Spine Morphogenesis (GO:0061001)	Neuronal System	Cardiac muscle contraction|GABAergic synapse|Oxytocin signaling pathway	0.9326049725310268	0.8078744522770908	1.0	0.9675096030729832	1	Cluster_5	Cluster_5	potassium ion transport	GO:0006813	rrvgo_parentTerm	16	2.7114542843017333e-07
50	ZNF69|ZKSCAN8|PGBD1|ZNF454|ZNF445|ZNF721|FXYD2|ZNF512|NR6A1|ZNF354C|ZSCAN9|ZKSCAN2|ZNF595|ZNF287|ZKSCAN3|ZFP2|NR2C2|ZNF782|ZNF71|ZSCAN26|ZNF391|ZNF594|POU2F1|ZNF781|ZNF510|ZNF879|ZNF709|ZNF852|ZNF382	0.734859991552095	ZNF585A|ZNF445|ZBTB8B|ZNF774|ZNF66|ZNF493|PGBD1|ZNF606	fructose|myo_inositol	RNA Polymerase II Transcription Regulatory Region Sequence-Specific DNA Binding (GO:0000977)|RNA Polymerase II Cis-Regulatory Region Sequence-Specific DNA Binding (GO:0000978)|Cis-Regulatory Region Sequence-Specific DNA Binding (GO:0000987)	Nucleus (GO:0005634)|Intracellular Membrane-Bounded Organelle (GO:0043231)|Sodium:Potassium-Exchanging ATPase Complex (GO:0005890)	Regulation of DNA-templated Transcription (GO:0006355)|Regulation of Transcription by RNA Polymerase II (GO:0006357)	RNA Polymerase II Transcription|Generic Transcription Pathway|Gene Expression (Transcription)	Herpes simplex virus 1 infection	0.0003065154506202	3.4958620739281008	1.0	0.0	0	Cluster_1	Cluster_1	regulation of DNA-templated transcription	GO:0006355	rrvgo_parentTerm	18	2.8335477468033105e-07
5	SHANK2|SMPD3|MYT1L|SRRM3|SEPTIN3|CELF5|CDH22|GAD1|DUSP26|COL26A1|SHISA7|TAGLN3|ATCAY|SCN3B|ELAVL4|FBXL16|HECW1|CELF3|STMN2|SYN3|NECAB2|OPCML|CRHR1|FRRS1L|SPTBN2|MARCHF4|GRIN2B|PAK3|LINGO1|BRSK2|CHRNB2|SRRM4|UBE2QL1|SYT16|PRKCZ|STMN4|ATP1A3|ELFN2|CDK5R1|BEX1|GDAP1L1|XKR7|RAB3C|RUNDC3A|CAMSAP3|JPH4|TMEM151B	0.840330155864636	MYT1L|MYT1|STOX2	creatinine|L_cysteine|capricacid	Glutamate Receptor Binding (GO:0035254)|Ionotropic Glutamate Receptor Binding (GO:0035255)|mRNA Binding (GO:0003729)	Neuron Projection (GO:0043005)|Asymmetric Synapse (GO:0032279)|Postsynaptic Density (GO:0014069)	Neuron Development (GO:0048666)|Long-Term Synaptic Potentiation (GO:0060291)|Positive Regulation of Synaptic Transmission (GO:0050806)	Interaction Between L1 and Ankyrins|Neuronal System|Signaling by NTRK2 (TRKB)	Cocaine addiction|Nicotine addiction|Protein digestion and absorption	3.937763024558319e-17	4.746889638845515	1.0	0.6038357806412946	1	Cluster_4	Cluster_4	T cell activation	GO:0042110	rrvgo_parentTerm	19	4.5485252310997057e-07
14	SOX2|TFDP2|HES5|SLC5A12|TNFRSF13C|KCNK2|THRA|MASP1|PRRT4|NR2F1|MSTN|PHYHIPL|ZNF664|ST6GAL2|SALL3|KCNH7|B3GAT2|KCNT2|CRB1|ZHX2|NFIB|ASXL3|CHST9|HES6|GADD45G|CNTFR|IGSF9|NFIA|CA8|DLL1|RHBDL3|CXXC4|ZSCAN31|SOX5|ZBTB18	0.7004245573397088	HES6|HES5|ASCL1|MAX|PBX1|ZNF711|THRA|ZHX2|CREB3L1|SNAI1|ATF5	L_alanine|creatinine	Cis-Regulatory Region Sequence-Specific DNA Binding (GO:0000987)|RNA Polymerase II Cis-Regulatory Region Sequence-Specific DNA Binding (GO:0000978)|RNA Polymerase II Transcription Regulatory Region Sequence-Specific DNA Binding (GO:0000977)	Astrocyte Projection (GO:0097449)|Glial Cell Projection (GO:0097386)|Nucleus (GO:0005634)	Negative Regulation of Neuron Differentiation (GO:0045665)|Positive Regulation of DNA-templated Transcription (GO:0045893)|Regulation of Transcription by RNA Polymerase II (GO:0006357)	Chondroitin Sulfate Dermatan Sulfate Metabolism|Constitutive Signaling by NOTCH1 HD+PEST Domain Mutants|Constitutive Signaling by NOTCH1 PEST Domain Mutants	Breast cancer|Notch signaling pathway|NF-kappa B signaling pathway	2.990333166591632e-06	3.669864258603255	1.0	0.0	0	Cluster_4	Cluster_4	T cell activation	GO:0042110	rrvgo_parentTerm	23	8.006735645021215e-07
15	TCEAL2|NUDT10|NALCN|SLC44A5|GABRQ|MCF2L2|VAT1L|CNTN1|PCDH15|FGF17|RPS6KA6|ZC3H12B|KCNIP3|B4GALT6|MYH14|FGF9|MACROD2|FUT9|PKIA|SATB1|KCNQ5|PCDH7|SORCS3|CSDC2|FGF12|OTOGL|ZFPM2|ARPP21|SLC8A3|FBXL2|KCNH8|NETO1|SOX1|EPB41L4B|PHACTR3|B3GALT2|GPR63|LRRTM1|DRP2|EFCAB5|TRAM1L1|CLGN|GALNT13|CACNA1A|USP43|FAM135B|LUZP2|SLITRK5|TRIM67|FOXP2	0.65964866916557	MYT1L|ZBTB18|SATB1|SOX10|POU6F2|ETV7|KCNIP3|MYCL	pyrophosphate|Unknown_050|2_hydroxyglutaric_acid|propylene_glycol	Fibroblast Growth Factor Receptor Binding (GO:0005104)|UDP-galactosyltransferase Activity (GO:0035250)|Voltage-Gated Monoatomic Cation Channel Activity (GO:0022843)	Axon (GO:0030424)|Postsynaptic Density (GO:0014069)|Postsynaptic Specialization Membrane (GO:0099634)	Fibroblast Growth Factor Receptor Signaling Pathway (GO:0008543)	FGFR1c Ligand Binding and Activation|FGFR2c Ligand Binding and Activation|FGFR3 Ligand Binding and Activation	Calcium signaling pathway|Chemical carcinogenesis|Nicotine addiction	0.3760960914280987	1.247753847925107	1.0	0.0	0	Cluster_1	Cluster_1	regulation of DNA-templated transcription	GO:0006355	rrvgo_parentTerm	24	8.006735645021215e-07
6	ZBTB8A|PGBD1|ZNF131|ZC3H8|SP4|ZBTB26|ZNF649|ZNF605|ZNF90|CREB1|ZNF491|DCC|ZSCAN9|ZNF891|ZNF397|ZNF10|ZFP62|ZNF292|ZNF286A|ZNF595|ZNF24|TCF4|ZNF84|SMAD4|ZFP37|ZNF300|ZNF510|ZSCAN16|ZFP1|ZNF138|ZNF93|ZNF35|ZNF726|ZNF85|ZNF195|ZFP90|ZNF66|ZNF512|ZNF850|TCF12|ZNF620|ZNF669|ZNF184|VEZF1|ZNF501|ZNF250|ZNF197|ZNF737|ZBTB8B|ZNF519|ZNF141|NR2C2|ZNF782|ZNF660|ZSCAN23|SMAD5|ZNF682|ZNF781|FOXN2|ZNF678|ZNF879|ZNF286B|MYBL1|ZNF852|ZNF382	0.7331624590798621	ZNF730|TCF4|ZNF84|ZNF891|ZNF253|ZNF254|ZNF711|ZNF197|STAT6|STAT3|ZNF726|ZNF431|ZNF583|ZNF141|ZNF519	Unknown_004|D_fructose_6_phosphate|capricacid	RNA Polymerase II Transcription Regulatory Region Sequence-Specific DNA Binding (GO:0000977)|Cis-Regulatory Region Sequence-Specific DNA Binding (GO:0000987)|RNA Polymerase II Cis-Regulatory Region Sequence-Specific DNA Binding (GO:0000978)	Nucleus (GO:0005634)|Intracellular Membrane-Bounded Organelle (GO:0043231)	Regulation of DNA-templated Transcription (GO:0006355)|Regulation of Transcription by RNA Polymerase II (GO:0006357)|Regulation of RNA Biosynthetic Process (GO:2001141)	Gene Expression (Transcription)|Generic Transcription Pathway|RNA Polymerase II Transcription	Herpes simplex virus 1 infection	0.1782194879757895	1.312241126123159	1.0	0.0	0	Cluster_1	Cluster_1	regulation of DNA-templated transcription	GO:0006355	rrvgo_parentTerm	25	8.006735645021215e-07
38	ZNF572|REM1|ZNF438|MXI1|SCUBE2|ZNF560|GRHL1|ZNF485|GATA2|ZNF37A|ADAMTS20|SMOC1|TOX|ZNF33B|PCDHA1|ZNF25|SLC22A3|ZNF804A|ZNF33A|CRLF1|HES7|TFAP2E|ZNF32|ZNF492|FERMT1|ZNF248|IKZF5|DACH1|GDF7|SEMA3D|HEY2	0.6075249847333193	ZNF248|MYRF|ZNF25|ZNF37A|POU6F2|ZNF576|GRHL1|ZNF560|ZNF33A|SOX10	2_hydroxyglutaric_acid|glycerol_3_phosphate	RNA Polymerase II Transcription Regulatory Region Sequence-Specific DNA Binding (GO:0000977)|Cis-Regulatory Region Sequence-Specific DNA Binding (GO:0000987)|RNA Polymerase II Cis-Regulatory Region Sequence-Specific DNA Binding (GO:0000978)	Nucleus (GO:0005634)|Intracellular Membrane-Bounded Organelle (GO:0043231)	Regulation of Transcription by RNA Polymerase II (GO:0006357)|Regulation of DNA-templated Transcription (GO:0006355)|Regulation of Gene Expression (GO:0010468)	Generic Transcription Pathway|RNA Polymerase II Transcription|Gene Expression (Transcription)	Herpes simplex virus 1 infection	1.0	0.2347923907385953	1.0	0.0	0	Cluster_1	Cluster_1	regulation of DNA-templated transcription	GO:0006355	rrvgo_parentTerm	28	1.1405904953669333e-06
4	LILRA6|SLC16A10|CCL2|IL1B|GPR84|LILRA5|SLC39A8|BIRC3|IL1A|S100A9|SOD2|SOCS3|IER3|CXCL8|FPR2|TNFSF14|THBS1|AQP9|TNFAIP2|OSM|LILRB3|THBD|C15orf48|HSD11B1|RELB|CFB|CXCL5|TGFBI|TNFSF15|CXCL3|CEBPB|NFKB2|FFAR2|ANPEP|NAMPT|LIF|TREML2|BCL2A1|CHI3L2|SAA2|FCAR|S100A8|KCNJ15|PTX3|IL1RN|CXCL2|TREM1|IL6|CEBPD|VDR|ADAM8|NFKB1|MMP19|PTGS2|BHLHE40|PLAUR|FCN1|IL32|G0S2|CXCL1|ICAM1|FOSL2	0.8199431865352172	VDR|ZNF510|SOX15|FOSL2|NFKB1|CEBPB	myo_inositol|creatinine	Cytokine Activity (GO:0005125)|Cytokine Receptor Binding (GO:0005126)|Receptor Ligand Activity (GO:0048018)	Specific Granule (GO:0042581)|Endopeptidase Complex (GO:1905369)|Serine-Type Endopeptidase Complex (GO:1905370)	Inflammatory Response (GO:0006954)|Regulation of Inflammatory Response (GO:0050727)|Granulocyte Chemotaxis (GO:0071621)	Immune System|Interleukin-10 Signaling|Cytokine Signaling in Immune System	TNF signaling pathway|IL-17 signaling pathway|NF-kappa B signaling pathway	1.0973062194842602e-267	17.66716513918283	1.0	1.3732394366197185	2	Cluster_4	Cluster_4	T cell activation	GO:0042110	rrvgo_parentTerm	29	1.452594360757625e-06
3	ZNF429|ZNF461|ZNF573|ZNF420|ZNF577|ZNF829|ZNF439|ZNF583|ZNF30|ZNF559|ZNF100|ZNF607|ZNF254|ZFP30|ZNF814|ZNF616|ZNF793|ZNF585A|ZNF606|ZNF235|ZNF480|ZFP14|ZNF569|ZNF567|ZNF493|ZNF675|ZNF615|ZNF221|ZNF283|ZNF226|ZNF546|ZNF772|ZNF180|ZNF780A|ZNF302|ZNF383|ZNF8|ZNF790|ZNF260|ZNF529|ZNF43|ZNF227|ZNF14|ZNF112|ZNF181|ZNF285|ZNF571|ZNF570|ZNF568|ZNF91|ZNF431|ZNF527|ZNF418|ZNF253|ZNF222|ZNF614|ZNF780B|ZNF146|ZNF677|ZNF566|ZNF613	0.8357381309238155	ZNF112|ZNF283|ZNF566|ZNF793|ZNF254|ZNF614|ZNF573|ZNF383|ZNF527|ZNF227	Unknown_004	RNA Polymerase II Transcription Regulatory Region Sequence-Specific DNA Binding (GO:0000977)|Cis-Regulatory Region Sequence-Specific DNA Binding (GO:0000987)|RNA Polymerase II Cis-Regulatory Region Sequence-Specific DNA Binding (GO:0000978)	Nucleus (GO:0005634)|Intracellular Membrane-Bounded Organelle (GO:0043231)	Regulation of DNA-templated Transcription (GO:0006355)|Regulation of Transcription by RNA Polymerase II (GO:0006357)|Regulation of RNA Biosynthetic Process (GO:2001141)	Generic Transcription Pathway|RNA Polymerase II Transcription|Gene Expression (Transcription)	Herpes simplex virus 1 infection	1.0	0.1193207231622369	NA	NA	NA	Cluster_1	Cluster_1	regulation of DNA-templated transcription	GO:0006355	rrvgo_parentTerm	30	1.7160443457510436e-06
71	ZNF546|ZNF461|ZNF780A|ZNF573|ZNF420|ZNF383|ZNF577|ZNF8|ZNF829|ZNF439|ZNF790|ZNF30|ZNF559|ZNF320|ZNF260|ZNF529|ZFP30|ZNF14|ZNF285|ZNF571|ZNF814|ZNF793|ZNF570|ZNF568|ZNF585A|ZNF606|ZNF235|ZNF480|ZFP14|ZNF569|ZNF626|ZNF567|ZNF493|ZNF527|ZNF345|ZNF780B|ZNF146|ZNF677|ZNF566	0.8410545753536197	ZNF566|ZNF146|ZNF283|ZNF793|ZNF573|ZNF461|ZNF569|ZNF780B|ZNF527|ZNF19|ZNF285|ZNF227|ZNF606|ZNF112|ZNF614|ZNF780A	Unknown_004|Unknown_010	RNA Polymerase II Transcription Regulatory Region Sequence-Specific DNA Binding (GO:0000977)|Cis-Regulatory Region Sequence-Specific DNA Binding (GO:0000987)|RNA Polymerase II Cis-Regulatory Region Sequence-Specific DNA Binding (GO:0000978)	Nucleus (GO:0005634)|Intracellular Membrane-Bounded Organelle (GO:0043231)	Regulation of DNA-templated Transcription (GO:0006355)|Regulation of Transcription by RNA Polymerase II (GO:0006357)	Generic Transcription Pathway|RNA Polymerase II Transcription|Gene Expression (Transcription)	Herpes simplex virus 1 infection	1.0	0.147339354512074	NA	NA	NA	Cluster_1	Cluster_1	regulation of DNA-templated transcription	GO:0006355	rrvgo_parentTerm	31	1.7160443457510436e-06
65	TNN|LANCL2|ZNF713|VOPP1|EGFR|TBX1|MEIS1|SOCS2|MRPS17|PHKG1|SEC61G	0.6696402658860898	ZNF713|MEIS1|SOX9|TBX1|FOXG1|ZNF18|MLXIP	2_hydroxyglutaric_acid	Double-Stranded DNA Binding (GO:0003690)|Growth Hormone Receptor Binding (GO:0005131)|Phosphorylation-Dependent Protein Binding (GO:0140031)	Multivesicular Body, Internal Vesicle (GO:0097487)|Sec61 Translocon Complex (GO:0005784)	Negative Regulation of Cell Differentiation (GO:0045596)|Response to Estradiol (GO:0032355)|Cellular Response to Growth Factor Stimulus (GO:0071363)	Constitutive Signaling by EGFRvIII|Constitutive Signaling by Ligand-Responsive EGFR Cancer Variants|EGFR Interacts With Phospholipase C-gamma	Insulin signaling pathway|JAK-STAT signaling pathway|Focal adhesion	2.8909879588956815e-10	19.850629398808515	1.0	0.0	0	Cluster_4	Cluster_4	T cell activation	GO:0042110	rrvgo_parentTerm	33	5.027668327628451e-06
7	ESM1|STRA6|MMP11|FOXC1|RFX8|ITGA8|COL12A1|COL13A1|LTBP2|KRT18|PLA1A|PAPPA|COL3A1|LOXL1|MGP|PHLDA2|MMP9|VGLL3|CTHRC1|HEYL|MEDAG|HTRA3|CFH|FAP|KDELR3|ADAMTS2|ASPN|ITGBL1|CYP1B1|COL6A3|COL6A2|ARSI|GPX8|ISLR|COL5A1|ACTG2|PTGIS|LUM|COL1A1|FOXL1|DCN|KRT8|FHL2|HIC1|FOXC2|COL1A2|EBF2|ETS1|MXRA5|PDGFRL|ANO1|COL15A1|SNAI2|C7|PCOLCE|TBX18|FBLN2|ALDH1A3	0.7234519348389871	FOXC2|FOXS1|PBX1|TBX18|HIC1|SNAI2|FOXL1|ZBTB5|ZNF572|NFIB|RUNX1|TCF7L2|ZKSCAN2|TCF7L1	2_hydroxyglutaric_acid|porphine|Unknown_019|phosphoric_acid_(spectral_match)|Unknown_042|Unknown_044	RNA Polymerase II Transcription Regulatory Region Sequence-Specific DNA Binding (GO:0000977)|Cis-Regulatory Region Sequence-Specific DNA Binding (GO:0000987)|RNA Polymerase II Cis-Regulatory Region Sequence-Specific DNA Binding (GO:0000978)	Nucleus (GO:0005634)|Intracellular Membrane-Bounded Organelle (GO:0043231)	Regulation of DNA-templated Transcription (GO:0006355)|Regulation of Transcription by RNA Polymerase II (GO:0006357)|Regulation of RNA Biosynthetic Process (GO:2001141)	Gene Expression (Transcription)|Generic Transcription Pathway|RNA Polymerase II Transcription	Herpes simplex virus 1 infection	2.6684345956885885e-121	11.558518328102355	1.0	0.7339728023312287	1	Cluster_1	Cluster_1	regulation of DNA-templated transcription	GO:0006355	rrvgo_parentTerm	34	5.027668327628451e-06
16	FLT3|CCNA1|TENM3|ANO5|KLRC1|CRTAC1|ZNF727|APOB|VAT1L|ASB2|AFF2|SERTAD4|ME1|P2RY2|ECHDC3|ACADL|PCBP3|CYP7B1|KCNA3|THNSL2|THSD7B|PKP2|KBTBD12|ZNF492|NGEF|RAB27B|NPY1R|LY6H|TPBG|ZNF697|NPFFR1|TUSC3|RNF128|ADAMTSL3|GREB1L|PARM1|PRSS35|ARHGAP36|FAM133A|L1CAM|PPP1R1A|ZNF208|ISLR2|FBXL2|CYGB|NNAT|KLF8|PTPRN|COX7A1|PDE1A|BHMT2|PKD2L1|PCP4|HGF|TRAM1L1|TMEM200A|PLCXD3|SCN5A|MRAP2|RXRG|ADRA2A|GFRA2|COL11A1|SYNDIG1L|BAMBI|NAV3|STEAP1B|SVIP|CALB1|NRXN3|TENM2|ETS2|SLC44A5|PTGFR|ACTRT3|PRDM8|CCDC158|AKR1C1|ABI3BP|AKR1C3|CYS1|SELL|CA4|PRPH2|UBXN10|SULT1C2|NDN|NPTX2|TMEM98|ADRA2C|C16orf89|ATP2C2|TMEM229A|ANXA3|KCNA5|IQCA1|BMP6|ZNF124|SPATA18|NAALAD2|PPP4R4|SULF1|MALRD1|PPFIA2|PRKCB|ZNF518B|RGS4|TRIM17|GPR68|GPR27|RNF207|SLC27A2|RNF43|RNF212|TDRD9|CDH13|ADAMTSL1|ADAMTS16|GHR|PABPC5|F5|ZNF831|CCDC85A|TUSC1|TRIM54|ARHGAP28|AQP3|SOX17|MSX2|MAGEE1|COL19A1|CPXM2|PLA2G7|ADIRF|GAS2|RPL39L|CYP26B1|SLIT2|PDE11A|TLL1|IP6K3|TPD52L1|NHLRC1|TNNT1|SYT14|WBP2NL|SUSD5|RANBP17|ADAMTS8|TFAP2C|RCAN2|RASGEF1A|ZNF215|ZNF732|SGCD|SCN9A|GIPR|MIPOL1|GPC3	0.5095877154678942	KLF8|ZNF558|ZNF208|POU6F2|NPAS3|ST18|E2F5|SOX10|ZNF727|RUNX2|ZNF536	creatinine|Unknown_011|DL_3_aminoisobutyric_acid__(spectral_match)	Alpha-Adrenergic Receptor Activity (GO:0004936)|Aldose Reductase (NADPH) Activity (GO:0004032)|Sodium Channel Activity (GO:0005272)	Intercalated Disc (GO:0014704)|Low-Density Lipoprotein Particle (GO:0034362)|Voltage-Gated Sodium Channel Complex (GO:0001518)	Cardiac Muscle Cell Action Potential Involved in Contraction (GO:0086002)|Cardiac Muscle Tissue Development (GO:0048738)|Cellular Response to Hormone Stimulus (GO:0032870)	Defective B3GALTL Causes PpS|O-glycosylation of TSR Domain-Containing Proteins|Synthesis of Bile Acids and Bile Salts via 7Alpha-Hydroxycholesterol	PPAR signaling pathway|Neuroactive ligand-receptor interaction|Steroid hormone biosynthesis	1.0	0.6431976885052995	1.0	0.5354770130215253	1	Cluster_5	Cluster_5	potassium ion transport	GO:0006813	rrvgo_parentTerm	35	5.2647973083997385e-06
57	TCEAL2|NUDT10|B4GALT6|SIM2|LGR5|CACNA1A|IL1RAPL1|SLC8A3|RAB33A|DGKI|GRIK2|FOXP2|PKIA|SATB1|TOX3|SLCO5A1|NAT16|ZDHHC11B|POLR2F|SORCS3|PCDH15|GPR179|EPHB1	0.7110420397051215	ZNF217|MYT1L|SATB1|SOX10|MYRF|MYT1	2_hydroxyglutaric_acid|heptadecanoic_acid|pyrophosphate	Bis(5'-Adenosyl)-Pentaphosphatase Activity (GO:0034432)|Calcium:Monoatomic Cation Antiporter Activity (GO:0015368)|Calcium:Sodium Antiporter Activity (GO:0005432)	Dendrite (GO:0030425)	Central Nervous System Neuron Axonogenesis (GO:0021955)|Calcium Ion Import Across Plasma Membrane (GO:0098703)|Calcium Ion Import Into Cytosol (GO:1902656)	Activation of Ca-permeable Kainate Receptor|Neuronal System|Synthesis of Pyrophosphates in the Cytosol	Calcium signaling pathway|Glutamatergic synapse|RNA polymerase	0.866036710403486	0.8630708434264572	1.0	0.0	0	Cluster_5	Cluster_5	potassium ion transport	GO:0006813	rrvgo_parentTerm	37	9.017292239757283e-06
78	ESM1|FMOD|FBXO17|TEAD3|ARSI|RAB34|SH2D4A|EMP3|SHOX2|NMNAT3|DES|FOXL1|TOM1L1|LGALS3|RAB36|TNFAIP6|EBF2|ETS1|MXRA5|NR5A2|PDPN|PHLDA2|SHROOM3|MMP9|SNAI2|CTHRC1|HEYL|HTRA3|CMYA5|SP6|RBP1|POSTN|NSUN7|EVC2|MOXD1	0.6420465720131099	ZNF572|FOXL1|NFIB|ETV7|HEYL|TEAD3|TFAP2E|ATF1|ZNF248|MXD4|SNAI2|ZNF213|HLX	2_hydroxyglutaric_acid|glycerol_3_phosphate	Cis-Regulatory Region Sequence-Specific DNA Binding (GO:0000987)|RNA Polymerase II Cis-Regulatory Region Sequence-Specific DNA Binding (GO:0000978)|RNA Polymerase II Transcription Regulatory Region Sequence-Specific DNA Binding (GO:0000977)	Collagen-Containing Extracellular Matrix (GO:0062023)	Epithelial to Mesenchymal Transition Involved in Endocardial Cushion Formation (GO:0003198)|Regulation of Inflammatory Response (GO:0050727)|Negative Regulation of Cartilage Development (GO:0061037)	Defective B4GALT1 Causes B4GALT1-CDG (CDG-2d)|RAB Geranylgeranylation|RUNX1 Regulates Transcription of Genes Involved in Differentiation of Myeloid Cells	Hippo signaling pathway|Maturity onset diabetes of the young|Nicotinate and nicotinamide metabolism	0.0032345976329332	2.5689049810222784	1.0	0.0	0	Cluster_5	Cluster_5	potassium ion transport	GO:0006813	rrvgo_parentTerm	38	1.0025542034202929e-05
20	EFNA5|FAT4|DMKN|PLA2R1|MGST1|LMNTD1|DCHS2|COL4A6|ANGPT1|ANKEF1|SEMA3A|COL4A5|ENPP5|CYP4F3|CYP39A1|C19orf81|COL4A3|SYDE2|ZNF214|HSPB8|CD109|CRB2|LRAT|STEAP2|ENPP4|SPEF2|MROH7-TTC4|PHYHD1|LPIN3|IGSF1|XKRX|PAWR|NDNF|COL21A1|BHLHE41|AMIGO2	0.5872764653837156	SIX1|ZNF649|STAT6|ZBTB12|NR6A1|KLF17|E2F1	myo_inositol|Unknown_017|3_phosphoglycerate	Lipase Activator Activity (GO:0060229)|Phospholipase Activator Activity (GO:0016004)|Phosphotyrosine Residue Binding (GO:0001784)	T Cell Receptor Complex (GO:0042101)|Alpha-Beta T Cell Receptor Complex (GO:0042105)|Cytolytic Granule (GO:0044194)	T Cell Activation (GO:0042110)|Regulation of T Cell Activation (GO:0050863)|Regulation of Lymphocyte Activation (GO:0051249)	Immunoregulatory Interactions Between a Lymphoid and a non-Lymphoid Cell|Adaptive Immune System|Generation of Second Messenger Molecules	Primary immunodeficiency|T cell receptor signaling pathway|Cell adhesion molecules	0.6987817337383947	1.0397948732709223	1.0	1.1825117370892018	1	Cluster_4	Cluster_4	T cell activation	GO:0042110	rrvgo_parentTerm	39	1.3723414587368797e-05
39	TMPRSS9|LHX2|LMO1|RIT2|CHST8|CGREF1|LINGO3|VGF|FRMPD1|POU3F1|VSX1|LRRN2|GLRA2|AIF1L|SYTL5|STK32B|KCNK10|SHISA9|LNX1|F12|CENPV|CHRM3|SHISA6|RET|DRAXIN|ST8SIA5	0.605516372763092	POU3F1|ZNF630|TEAD2|STOX2|ZNF182|NFKB2	L_glutamic_acid|2_hydroxyglutaric_acid	Dermatan Sulfotransferase Activity (GO:0120534)|G Protein-Coupled Neurotransmitter Receptor Activity (GO:0099528)|alpha-N-acetylneuraminate Alpha-2,8-Sialyltransferase Activity (GO:0003828)	Dendritic Spine Membrane (GO:0032591)|AMPA Glutamate Receptor Complex (GO:0032281)|Dendrite Membrane (GO:0032590)	Regulation of Short-Term Neuronal Synaptic Plasticity (GO:0048172)	Muscarinic Acetylcholine Receptors|Signaling by NTRK1 (TRKA)|Signalling to P38 via RIT and RIN	Gastric acid secretion|Calcium signaling pathway|Thyroid cancer	0.5020016800154046	1.3437349131501148	1.0	0.0	0	Cluster_5	Cluster_5	potassium ion transport	GO:0006813	rrvgo_parentTerm	40	1.3723414587368797e-05
82	CD52|IKZF3|CD8A|SLAMF6|CD27|LTB|TIGIT|IL2RB|SLAMF7|CD3E|GZMK|NKG7|SAMD3|LCK|CRTAM|CD2|CD6|GZMA|HLA-DQA1|CD96|EPHA1|APOBEC3H|SLFN12L|CCL5|GRAP2|CST7|THEMIS	0.8849058452725923	IKZF3	DL_3_aminoisobutyric_acid__(spectral_match)	Lipase Activator Activity (GO:0060229)|Phospholipase Activator Activity (GO:0016004)|Phosphotyrosine Residue Binding (GO:0001784)	T Cell Receptor Complex (GO:0042101)	T Cell Activation (GO:0042110)|Regulation of T Cell Activation (GO:0050863)|Positive Regulation of T Cell Activation (GO:0050870)	Generation of Second Messenger Molecules|Immunoregulatory Interactions Between a Lymphoid and a non-Lymphoid Cell|Adaptive Immune System	Cell adhesion molecules|Hematopoietic cell lineage|T cell receptor signaling pathway	1.3882090123575735e-124	32.97127333192412	NA	NA	NA	Cluster_4	Cluster_4	T cell activation	GO:0042110	rrvgo_parentTerm	41	1.3723414587368797e-05
18	CD52|IKZF3|CD8A|SLAMF6|CD27|TIGIT|IL2RB|SLAMF7|CD3E|GZMK|NKG7|SAMD3|GFI1|LCK|CRTAM|CD2|CD6|GZMA|CD96|EPHA1|APOBEC3H|SLFN12L|CCL5|GRAP2|CST7|THEMIS	0.8877683345323992	IKZF3	hypotaurine|DL_3_aminoisobutyric_acid__(spectral_match)	Lipase Activator Activity (GO:0060229)|Phospholipase Activator Activity (GO:0016004)|Phosphotyrosine Residue Binding (GO:0001784)	T Cell Receptor Complex (GO:0042101)|Alpha-Beta T Cell Receptor Complex (GO:0042105)|Cytolytic Granule (GO:0044194)	T Cell Activation (GO:0042110)|Regulation of T Cell Activation (GO:0050863)|Regulation of Lymphocyte Activation (GO:0051249)	Immunoregulatory Interactions Between a Lymphoid and a non-Lymphoid Cell|Adaptive Immune System|Generation of Second Messenger Molecules	Primary immunodeficiency|T cell receptor signaling pathway|Cell adhesion molecules	1.156442702271872e-118	33.59337282875288	1.0	0.0	0	Cluster_4	Cluster_4	T cell activation	GO:0042110	rrvgo_parentTerm	42	1.3723414587368797e-05
89	SCIN|IL21R|HAMP|ANKRD22|IRF8|IRF5|SNAI3|HHEX|POU2F2|MS4A4E|SP140|FLI1|OLR1|IKZF1|LYL1	0.8432309087516747	IKZF1|LYL1|CEBPA|SPI1|HHEX	DL_3_aminoisobutyric_acid__(spectral_match)	Cis-Regulatory Region Sequence-Specific DNA Binding (GO:0000987)|RNA Polymerase II Cis-Regulatory Region Sequence-Specific DNA Binding (GO:0000978)|RNA Polymerase II Transcription Regulatory Region Sequence-Specific DNA Binding (GO:0000977)	Pericentric Heterochromatin (GO:0005721)|Specific Granule Membrane (GO:0035579)|Tertiary Granule Membrane (GO:0070821)	Lymphocyte Differentiation (GO:0030098)|Regulation of DNA-templated Transcription (GO:0006355)|Regulation of Transcription by RNA Polymerase II (GO:0006357)	Interferon Alpha Beta Signaling|Interferon Gamma Signaling|Interleukin-21 Signaling	Transcriptional misregulation in cancer	0.001035844089348	6.238769239625533	NA	NA	NA	Cluster_4	Cluster_4	T cell activation	GO:0042110	rrvgo_parentTerm	43	1.7849919572956967e-05
37	ZNF177|ANKRD20A1|ZSCAN32|ZNF266|ZNF133|ZNF443|NFXL1|ZGLP1|ZNF490|MGA|ZFP28|HINFP|ZNF714|ZNF564|ZNF544|ZNF880|NR2C1|ZSCAN5A|ZNF202|ZNF354B|ZNF844|ZNF594|ZNF345|ZNF763|ZNF232|ZNF334|ZNF808|ZNF619	0.6167320130875548	ZNF493|ZNF333|ZNF14|ZNF317|ZNF43|ZNF585A	Unknown_004	RNA Polymerase II Transcription Regulatory Region Sequence-Specific DNA Binding (GO:0000977)|Cis-Regulatory Region Sequence-Specific DNA Binding (GO:0000987)|RNA Polymerase II Cis-Regulatory Region Sequence-Specific DNA Binding (GO:0000978)	Intracellular Membrane-Bounded Organelle (GO:0043231)|Nucleus (GO:0005634)	Regulation of DNA-templated Transcription (GO:0006355)|Regulation of Transcription by RNA Polymerase II (GO:0006357)|Negative Regulation of DNA-templated Transcription (GO:0045892)	Generic Transcription Pathway|RNA Polymerase II Transcription|Gene Expression (Transcription)	Herpes simplex virus 1 infection	1.0	0.2888319092419228	NA	NA	NA	Cluster_1	Cluster_1	regulation of DNA-templated transcription	GO:0006355	rrvgo_parentTerm	44	1.972413582626412e-05
40	CMTM5|ZNF488|NANOS1|SOX10|LGR5|DSCAML1|IL1RAPL1|TUBB4A|BCAS1|RAB33A|FAM222A|KCNH8|OMG|RASGEF1C|GAL3ST1|PHACTR3|ZDHHC11B|POLR2F|ERBB3|LCNL1|UGT8	0.8028498281282972	MYRF|SOX10|TFEB|ZNF208|ZNF492	glycerol_3_phosphate	FMN Binding (GO:0010181)|GTP Binding (GO:0005525)|Interleukin-1 Binding (GO:0019966)	RNA Polymerase I Complex (GO:0005736)|RNA Polymerase II, Core Complex (GO:0005665)|RNA Polymerase III Complex (GO:0005666)	Peripheral Nervous System Development (GO:0007422)|Galactolipid Biosynthetic Process (GO:0019375)|Galactosylceramide Biosynthetic Process (GO:0006682)	Glycosphingolipid Biosynthesis	Ether lipid metabolism|Sphingolipid metabolism	0.0074081804610219	3.639282056448228	1.0	0.0	0	Cluster_2	Cluster_2	myelination	GO:0042552	rrvgo_parentTerm	45	2.13949886176785e-05
72	ZNF217|CEACAM1|SP100|ITGA2|CD274|ETV6|IRF1|PLSCR1|ERAP2|IRF2|APOL1|GBP5|SIGLEC1	0.7500034043873953	SP100|ELK3|IRF1|PLSCR1|ZC3H8|RUNX1|SP140L	myo_inositol|pyrophosphate|homocysteine|pantothenic_acid	Transcription Cis-Regulatory Region Binding (GO:0000976)|DNA-binding Transcription Activator Activity, RNA Polymerase II-specific (GO:0001228)|Bile Acid Transmembrane Transporter Activity (GO:0015125)	T Cell Receptor Complex (GO:0042101)|Triglyceride-Rich Plasma Lipoprotein Particle (GO:0034385)|Very-Low-Density Lipoprotein Particle (GO:0034361)	Cellular Response to Type II Interferon (GO:0071346)|Defense Response to Virus (GO:0051607)|Regulation of Innate Immune Response (GO:0045088)	Interferon Gamma Signaling|Immune System|Interferon Signaling	Cell adhesion molecules|African trypanosomiasis|Human papillomavirus infection	0.0117245943768378	5.598895471458811	1.0	0.0	0	Cluster_4	Cluster_4	T cell activation	GO:0042110	rrvgo_parentTerm	46	2.235722673052114e-05
13	TMEM144|ASPA|CTNNA3|CMTM5|TRPV6|ASB4|ENPP2|S100A1|HCN2|PDIA2|PPP1R14A|PAIP2B|GRM3|PRCD|TPPP|KLHL32|CNTN2|LDB3|MBP|SEC14L5|SPAG6|GJB1|NRIP2|FOLH1|SLC24A2|GREM1|GPD1|PEX5L|TMEM151A|ANO4|ADARB2|HHATL|SLCO1A2|TRPV5|SYT9|RASGEF1C|USH1C|MOBP|HAPLN2|PPP1R16B|BOK|LRRC63|TF|ZNF536|ERMN|LRP2|JAKMIP3|TP53TG5|MAL|ENPP6|ZNF488|CHADL|MYRF|SOX10|FAM178B|CNTNAP4|HS3ST5|CLDN11|SRCIN1|KLK6|CARNS1|OR9A2|SLC5A11|CDH19|RASGRF1|ST18|PLLP|FA2H|PLCH2|EFHD1|GPIHBP1|KANK4|S1PR5|SH3TC2|HHIP|BCAS1|TRPM6|C10orf90|PCSK6|MOG|PLP1|PTGDS|EDIL3|TLL2|GAL3ST1|LGI3|CNDP1|CD22|AATK|DNAH17|UGT8	0.7661377547566474	MYRF|ST18|ZSCAN25|MYT1L|SOX10|ZNF726|STAT2|ZNF572	L_mimosine|cholesterol_(spectral_match)|propylene_glycol|heptadecanoic_acid|Unknown_006	Calcium Channel Activity (GO:0005262)|Calcium Ion Sensor Activity (GO:0061891)|Calcium Ion Transmembrane Transporter Activity (GO:0015085)	Axon (GO:0030424)	Myelination (GO:0042552)|Oligodendrocyte Development (GO:0014003)|Galactolipid Biosynthetic Process (GO:0019375)	EGR2 and SOX10-mediated Initiation of Schwann Cell Myelination|Regulation of CDH19 Expression and Function|TRP Channels	Ether lipid metabolism|Histidine metabolism|Hedgehog signaling pathway	2.027797811072665e-28	3.306014468861394	1.0	0.4678068410462777	2	Cluster_2	Cluster_2	myelination	GO:0042552	rrvgo_parentTerm	47	2.6623423235397442e-05
27	CHIT1|CLDN4|KCP|COL17A1|ARNT|SLC27A6|ACSM3|NR1H3|MAFG|BAIAP2L1|HTR1D|LAMC2|RAB17|CILP2|MME|FNDC1|DDIT3|RORC|INSRR|KRT17|FGF7|HAS3|NFE2L1|NFE2L3|ETV3|NTRK1|TBX19|CC2D1B|ELF3|ELF4|INHBA	0.5546267238083387	ZNF24|SP3|SP4|ELF4|FOSL2|ZNF519|IRF4|RELB|RFX8|VDR|NFE2L3|POU3F2|ZNF396	Unknown_015	Cis-Regulatory Region Sequence-Specific DNA Binding (GO:0000987)|RNA Polymerase II Cis-Regulatory Region Sequence-Specific DNA Binding (GO:0000978)|Sequence-Specific Double-Stranded DNA Binding (GO:1990837)	Cell-Cell Junction (GO:0005911)|Neuron Projection (GO:0043005)|Protein Kinase Complex (GO:1902911)	Regulation of DNA-templated Transcription (GO:0006355)|Regulation of Transcription by RNA Polymerase II (GO:0006357)|Cellular Response to Sterol (GO:0036315)	Type I Hemidesmosome Assembly	MAPK signaling pathway|PPAR signaling pathway|Pathways in cancer	0.1164221087479801	1.878339125908763	NA	NA	NA	Cluster_4	Cluster_4	T cell activation	GO:0042110	rrvgo_parentTerm	49	4.922588935413721e-05
68	ZNF180|ZIK1|ZNF225|ZNF223|ZNF234|ZNF302|ZNF284|ZNF555|ZNF547|ZNF227|ZNF836|ZNF222|ZNF112|ZNF155|ZNF549|ZNF614|ZNF613|ZNF283|ZNF226	0.8617038242200368	ZNF614|ZNF227|ZNF112|ZNF615|ZNF283	3_phosphoglycerate|Unknown_046|linoleic_acid|D_ribulose_5_phosphate	RNA Polymerase II Transcription Regulatory Region Sequence-Specific DNA Binding (GO:0000977)|Cis-Regulatory Region Sequence-Specific DNA Binding (GO:0000987)|RNA Polymerase II Cis-Regulatory Region Sequence-Specific DNA Binding (GO:0000978)	Nucleus (GO:0005634)|Intracellular Membrane-Bounded Organelle (GO:0043231)|TRAPPII Protein Complex (GO:1990071)	Regulation of DNA-templated Transcription (GO:0006355)|Regulation of Transcription by RNA Polymerase II (GO:0006357)	Generic Transcription Pathway|RNA Polymerase II Transcription|Gene Expression (Transcription)	Herpes simplex virus 1 infection	0.6362493321905413	1.2769410724379746	1.0	0.0	0	Cluster_1	Cluster_1	regulation of DNA-templated transcription	GO:0006355	rrvgo_parentTerm	50	5.508111365539218e-05
28	ZNF267|ESR1|MAF|PIGR|GPR82|RNASE2|MEF2A|PRRX1|BACH1|SKIL|ATF6|FBXO32|GPR141|TFEC|FCGBP|ELF1|PLAG1|CLEC12A|KLF3|FAM177B|ELK3|SLC10A6|ZBTB38|ITK|NFATC2|MS4A4E|REL	0.7061026118457461	TFEC|RUNX2|KLF3|ATF6|VENTX|ELF1|SPI1|HHEX|LEF1	D_ribose_5_phosphate|fumaric_acid|pyrophosphate|O_phosphocolamine|Unknown_017|sucrose	Cis-Regulatory Region Sequence-Specific DNA Binding (GO:0000987)|RNA Polymerase II Cis-Regulatory Region Sequence-Specific DNA Binding (GO:0000978)|RNA Polymerase II Transcription Regulatory Region Sequence-Specific DNA Binding (GO:0000977)	Nucleus (GO:0005634)|Transcription Factor AP-1 Complex (GO:0035976)|Azurophil Granule (GO:0042582)	Positive Regulation of Transcription by RNA Polymerase II (GO:0045944)|Regulation of Transcription by RNA Polymerase II (GO:0006357)|Positive Regulation of DNA-templated Transcription (GO:0045893)	Generic Transcription Pathway|RNA Polymerase II Transcription|Transcriptional Regulation by RUNX1	Transcriptional misregulation in cancer|T cell receptor signaling pathway|Th1 and Th2 cell differentiation	0.0003065154506202	3.732596980972541	1.0	1.0511215440792905	1	Cluster_1	Cluster_1	regulation of DNA-templated transcription	GO:0006355	rrvgo_parentTerm	51	6.849487946388063e-05
44	SPX|LGI1|FAM107A|SLCO1C1|FXYD1|NNAT|KCNE5|MEGF10|ALDH1A1|EMX2|TMEM229A|GPC5|PRODH|RORB|NACC2|RANBP3L|LMO3|FXYD3|SIDT1|HPR|XK|AIFM3|MYBPC1|KIF19|MAPK4|SLC24A4|KIF6|LGI4|TMEM74|RGS20|ADRA1A|NWD1	0.6403683533657443	POU6F2|EMX2|ST18|SIX1|NR3C2|MEF2C|MAFG|RORB|ZNF146|ZNF483|MECOM	homocysteine|pyrophosphate|Unknown_046	Ion Channel Regulator Activity (GO:0099106)|Sodium Channel Regulator Activity (GO:0017080)	Dense Core Granule (GO:0031045)|Sodium:Potassium-Exchanging ATPase Complex (GO:0005890)|Spherical High-Density Lipoprotein Particle (GO:0034366)	Positive Regulation of Sodium Ion Export Across Plasma Membrane (GO:1903278)|Regulation of Sodium Ion Export Across Plasma Membrane (GO:1903276)|Positive Regulation of Sodium Ion Transmembrane Transport (GO:1902307)	LGI-ADAM Interactions|Muscle Contraction|Cardiac Conduction	African trypanosomiasis|Arginine and proline metabolism|Circadian rhythm	0.4650453732530871	1.3207071979045988	1.0	0.0	0	Cluster_5	Cluster_5	potassium ion transport	GO:0006813	rrvgo_parentTerm	52	6.849487946388063e-05
55	RBP1|SH2D4A|SHOX2|NMNAT3|NSUN7|FBXO17|MDK|EVC2|TOM1L1|RAB36	0.8094090980207185	ZNF572|ETV7|MXD4|TFAP2E|ZNF837|ZNF266|SP140L|MZF1	2_hydroxyglutaric_acid	Retinol Binding (GO:0019841)	Ciliary Membrane (GO:0060170)|Lipid Droplet (GO:0005811)|SCF Ubiquitin Ligase Complex (GO:0019005)	Adrenal Gland Development (GO:0030325)|Atrial Cardiac Muscle Tissue Development (GO:0003228)|Carbohydrate Derivative Catabolic Process (GO:1901136)	Diseases Associated With Visual Transduction|Diseases of the Neuronal System|Metabolism of Vitamins and Cofactors	Hedgehog signaling pathway|Nicotinate and nicotinamide metabolism	0.4966302617841948	2.426188037632152	1.0	0.0	0	Cluster_4	Cluster_4	T cell activation	GO:0042110	rrvgo_parentTerm	53	7.087545527226482e-05
9	ZNF132|ZNF799|ZNF20|ZIK1|ZNF160|ZNF773|ZNF223|ZNF791|ZNF583|ZNF460|ZNF473|ZNF587B|ZNF699|ZNF841|ZNF417|ZNF749|ZNF121|ZNF416|ZNF317|ZNF761|ZNF433|ZNF701|ZNF616|ZNF45|ZNF347|ZNF558|ZNF586|ZNF44|ZNF264|ZNF441|ZNF284|ZNF470|ZNF561|ZNF700|ZNF528|ZNF615|ZNF543|ZNF547|ZNF530|ZNF836|ZNF557|ZNF430|ZNF230|ZNF562|ZNF77|ZNF175|ZNF442|ZNF350|ZNF835|ZNF611|ZNF440|ZNF551|ZNF419|ZNF772|ZNF234|ZNF333|ZNF471|ZNF304|ZNF766|ZSCAN22|ZNF343|ZNF443|ZNF17|ZNF667|ZNF599|ZNF627|ZNF83|ZNF320|ZNF671|ZNF136|ZNF765|ZNF548|ZNF181|ZNF845|ZNF565|ZNF155|ZNF585B|ZNF549|ZNF582|ZNF563|ZNF225|ZNF57|ZNF550|ZNF587|ZNF71|ZNF776|ZNF805|ZNF763|ZNF432|ZNF823|ZNF211|ZNF426|ZNF134|ZNF224	0.7637636695300596	ZNF45|ZNF776|ZNF616|ZNF814|ZNF17|ZNF548|ZNF599|ZNF350|ZNF841|ZNF417	Unknown_004|Unknown_050	RNA Polymerase II Transcription Regulatory Region Sequence-Specific DNA Binding (GO:0000977)|Cis-Regulatory Region Sequence-Specific DNA Binding (GO:0000987)|RNA Polymerase II Cis-Regulatory Region Sequence-Specific DNA Binding (GO:0000978)	Nucleus (GO:0005634)|Intracellular Membrane-Bounded Organelle (GO:0043231)	Regulation of DNA-templated Transcription (GO:0006355)|Regulation of Transcription by RNA Polymerase II (GO:0006357)	Generic Transcription Pathway|RNA Polymerase II Transcription|Gene Expression (Transcription)	Herpes simplex virus 1 infection	1.0	0.4995582781672241	NA	NA	NA	Cluster_1	Cluster_1	regulation of DNA-templated transcription	GO:0006355	rrvgo_parentTerm	54	7.25682073893282e-05
101	ELF2|ZBTB46|GREB1L|DACH1|FAM133A|ACKR1|ARHGAP36|BMP6|SEMA3D|KLF8	0.6142335195887374	KLF8|ZNF558|GTF2IRD1|ZNF433|ZGPAT|ELF2|ZNF727|POU6F2|ZNF266|RFX5	glycerol_3_phosphate	DNA-binding Transcription Repressor Activity, RNA Polymerase II-specific (GO:0001227)|BMP Receptor Binding (GO:0070700)|Chemorepellent Activity (GO:0045499)	Aggresome (GO:0016235)|Intracellular Membrane-Bounded Organelle (GO:0043231)|Nucleus (GO:0005634)	Negative Regulation of DNA-templated Transcription (GO:0045892)|Negative Regulation of Transcription by RNA Polymerase II (GO:0000122)|Cellular Response to Iron Ion (GO:0071281)	RUNX1 Regulates Transcription of Genes Involved in BCR Signaling	Malaria|Ovarian steroidogenesis|TGF-beta signaling pathway	0.4966302617841948	2.426188037632152	1.0	0.0	0	Cluster_1	Cluster_1	regulation of DNA-templated transcription	GO:0006355	rrvgo_parentTerm	55	7.65245363666494e-05
23	FOXO6|TRIM71|NEU4|MYT1|LHFPL3|FLRT1|DLL3|MN1|DCX|C2orf80|TSPAN11|RCOR2|GRIK2|TOX3|PROM1|PCDH15|KIAA1755|MDFI|MEGF11|COL9A1|SEMA5B|FBN3|ZBTB12|RGR|SOX11|MEIS3|DGKI|TSHZ1|SNTG1|GPC2|PATZ1|COL20A1|NAT16|NKAIN1|ZFP69B|SNX22|FHDC1|SOX4|C1QL1|VAX2|ONECUT2|MEX3A	0.7180951844326536	MYT1|ZBTB12|SOX11|ZNF217|SOX8|ZNF107|ZNF69|NR2C2	2_hydroxyglutaric_acid|creatinine|scyllo_inositol|glycerol_3_phosphate|Unknown_031	Delayed Rectifier Potassium Channel Activity (GO:0005251)|GTPase Activity (GO:0003924)|Ribonucleoside Triphosphate Phosphatase Activity (GO:0017111)	Neuron Projection (GO:0043005)|Dendrite Membrane (GO:0032590)|Dendrite (GO:0030425)	Action Potential (GO:0001508)|Positive Regulation of Calcium Ion-Dependent Exocytosis (GO:0045956)|Positive Regulation of Regulated Secretory Pathway (GO:1903307)	Neuronal System|Potassium Channels|Voltage Gated Potassium Channels	Aldosterone synthesis and secretion|Long-term potentiation|cGMP-PKG signaling pathway	0.9667259553715252	0.7608255170275041	1.0	0.5067907444668007	1	Cluster_5	Cluster_5	potassium ion transport	GO:0006813	rrvgo_parentTerm	56	9.127994074041202e-05
24	SCIN|CEBPA|HAMP|PRR15|IRF8|CLEC17A|CD69|IRF5|CX3CR1|MEF2C|HHEX|SIGLEC8|ACSM5|CREBL2|IKZF1|FGF20|LYL1|MLXIPL|ANKRD22|TAL1|SNAI3|TMEM119|POU2F2|SP140|FLI1|P2RY12|OLR1	0.7980164945637604	IKZF1|LYL1|CEBPA|SNAI3|IRF8|ZFHX4	Unknown_027	Cis-Regulatory Region Sequence-Specific DNA Binding (GO:0000987)|RNA Polymerase II Cis-Regulatory Region Sequence-Specific DNA Binding (GO:0000978)|RNA Polymerase II Transcription Regulatory Region Sequence-Specific DNA Binding (GO:0000977)	Macropinosome (GO:0044354)|Nucleus (GO:0005634)|Pericentric Heterochromatin (GO:0005721)	Regulation of DNA-templated Transcription (GO:0006355)|Positive Regulation of DNA-templated Transcription (GO:0045893)|Regulation of Transcription by RNA Polymerase II (GO:0006357)	Transcriptional Regulation of Granulopoiesis	Transcriptional misregulation in cancer	2.5907022400625973e-13	7.465193961945082	NA	NA	NA	Cluster_4	Cluster_4	T cell activation	GO:0042110	rrvgo_parentTerm	59	0.00014721845782885432
83	ZNF551|ZNF132|ZNF419|ZNF180|ZNF773|ZNF264|ZNF304|ZNF776|ZNF17|ZNF805|ZNF671|ZNF543|ZNF749|ZNF530|ZNF416|ZNF211|ZNF582|ZNF175|ZNF350|ZNF134|ZNF792|ZNF613	0.8643770873991037	ZNF134|ZNF776|ZNF549|ZNF615|RXRG|ZNF211|ZNF17|ZNF264|ZNF416|ZNF543	NA	RNA Polymerase II Transcription Regulatory Region Sequence-Specific DNA Binding (GO:0000977)|Cis-Regulatory Region Sequence-Specific DNA Binding (GO:0000987)|RNA Polymerase II Cis-Regulatory Region Sequence-Specific DNA Binding (GO:0000978)	Nucleus (GO:0005634)|Intracellular Membrane-Bounded Organelle (GO:0043231)	Regulation of Transcription by RNA Polymerase II (GO:0006357)|Regulation of DNA-templated Transcription (GO:0006355)	Generic Transcription Pathway|RNA Polymerase II Transcription|Gene Expression (Transcription)	Herpes simplex virus 1 infection	0.505435412705609	1.417902099914894	NA	NA	NA	Cluster_1	Cluster_1	regulation of DNA-templated transcription	GO:0006355	rrvgo_parentTerm	61	0.0001957606567490288
19	SPX|ZNF483|AMER2|ERBB4|FAM107A|DAAM2|RGS9|GRHL3|SLC25A48|STOX1|PEBP4|CASQ1|MEGF10|ALDOC|ZBTB47|PI16|KCNJ10|PTGDR2|UPP2|SLC14A1|RANBP3L|LIX1|SIDT1|ADCY2|HPR|MYBPC1|GRIN2C|ADCYAP1R1|CD38|MAPK4|ENDOU|CDH20|PPP1R1B|SLC24A4|PSD2|KCNN2|NTRK2|A2ML1|ZNF423|ACBD7|ENHO|TTPA|ACSL6	0.6862936464374892	THRA|MLX|DBP|GRHL3|RFX4|KLF15|ZBTB47|PRDM4|HLF|ZBTB5	homocysteine|Unknown_046|pyrophosphate	Lipase Activator Activity (GO:0060229)|Phospholipase Activator Activity (GO:0016004)|Phosphotyrosine Residue Binding (GO:0001784)	T Cell Receptor Complex (GO:0042101)|Alpha-Beta T Cell Receptor Complex (GO:0042105)|Cytolytic Granule (GO:0044194)	T Cell Activation (GO:0042110)|Regulation of T Cell Activation (GO:0050863)|Regulation of Lymphocyte Activation (GO:0051249)	Immunoregulatory Interactions Between a Lymphoid and a non-Lymphoid Cell|Adaptive Immune System|Generation of Second Messenger Molecules	Primary immunodeficiency|T cell receptor signaling pathway|Cell adhesion molecules	0.9129085230908373	0.8463446642902855	1.0	0.0	0	Cluster_4	Cluster_4	T cell activation	GO:0042110	rrvgo_parentTerm	65	0.00033784647632674014
103	VHLL|ADAMTS20|ZNF560|SMOC1|ZNF239|PCDHA2|ZNF274|GRHL1|HES4|C1QL4	0.5685722326777214	ZNF560|KLF16|CREB3L4|SP3|ZSCAN16|ONECUT2|ZNF274	2_hydroxyglutaric_acid	RNA Polymerase II Transcription Regulatory Region Sequence-Specific DNA Binding (GO:0000977)|Cis-Regulatory Region Sequence-Specific DNA Binding (GO:0000987)|RNA Polymerase II Cis-Regulatory Region Sequence-Specific DNA Binding (GO:0000978)	Basement Membrane (GO:0005604)|Collagen-Containing Extracellular Matrix (GO:0062023)	External Encapsulating Structure Organization (GO:0045229)|Extracellular Structure Organization (GO:0043062)|Regulation of DNA-templated Transcription (GO:0006355)	Defective B3GALTL Causes PpS|Diseases Associated With O-glycosylation of Proteins|O-glycosylation of TSR Domain-Containing Proteins	Neurotrophin signaling pathway|Herpes simplex virus 1 infection|Human papillomavirus infection	1.0	0.0	1.0	0.0	0	Cluster_4	Cluster_4	T cell activation	GO:0042110	rrvgo_parentTerm	66	0.0007098628782415868
90	ZKSCAN1|ZKSCAN5|ZNF655|GTF2I|ZNF853|NRF1|ZNF12|RBAK|ZNF786|ZSCAN25|DMTF1|ZSCAN21|ZNF425|ZNF398|ZNF3|ZNF789	0.7361339557623507	ZNF398|ZSCAN25|ZNF786|ZKSCAN5|GTF2I|ZSCAN21	L_2_aminoadipic_acid|fructose|DL_2_Aminoadipic_acid_(spectral_match)	RNA Polymerase II Transcription Regulatory Region Sequence-Specific DNA Binding (GO:0000977)|Cis-Regulatory Region Sequence-Specific DNA Binding (GO:0000987)|RNA Polymerase II Cis-Regulatory Region Sequence-Specific DNA Binding (GO:0000978)	Nucleus (GO:0005634)|Intracellular Membrane-Bounded Organelle (GO:0043231)	Regulation of Transcription by RNA Polymerase II (GO:0006357)|Regulation of DNA-templated Transcription (GO:0006355)|Regulation of RNA Biosynthetic Process (GO:2001141)	Generic Transcription Pathway|RNA Polymerase II Transcription|Gene Expression (Transcription)	Herpes simplex virus 1 infection	0.1653363547011191	2.7294615423361708	1.0	2.660651408450704	1	Cluster_1	Cluster_1	regulation of DNA-templated transcription	GO:0006355	rrvgo_parentTerm	67	0.0008988575545793473
53	EXO5|PEG10|ZNF404|ZNF229|PCDHB3|ZNF274|ZNF681|PCDHGA1|PCDHGB1|TEX15|PCDHB4|ZNF578|ZNF695|PCDHB2|ZNF610|CD24|ZNF670|PCDHA11|PCDHA2|FAM218A|PCDHB5|PCDHA10	0.5373809926146972	ZNF778|ZSCAN16|ZNF404|ZNF141|ZNF578|ZNF610|ZNF670|FOXJ3|SLC2A4RG|ONECUT2	2_hydroxyglutaric_acid|glycerol_3_phosphate|D_fructose_6_phosphate	Cis-Regulatory Region Sequence-Specific DNA Binding (GO:0000987)|RNA Polymerase II Cis-Regulatory Region Sequence-Specific DNA Binding (GO:0000978)|RNA Polymerase II Transcription Regulatory Region Sequence-Specific DNA Binding (GO:0000977)	Extracellular Membrane-Bounded Organelle (GO:0065010)|Extracellular Vesicle (GO:1903561)|Intracellular Membrane-Bounded Organelle (GO:0043231)	Calcium-Dependent Cell-Cell Adhesion via Plasma Membrane Cell Adhesion Molecules (GO:0016339)|Synapse Assembly (GO:0007416)|Cell Junction Assembly (GO:0034329)	Generic Transcription Pathway|Meiotic Recombination|RNA Polymerase II Transcription	Herpes simplex virus 1 infection	0.2617153358817137	1.8905361332198587	1.0	0.0	0	Cluster_4	Cluster_4	T cell activation	GO:0042110	rrvgo_parentTerm	68	0.0014419764915613994
49	LRRC4C|SLITRK2|NCAM2|GRIA4|BRINP3|KCND2|IGLON5|DNER|SUSD4|SCN1A|CDH10|NKX2-2|B3GALT2|SCRG1|LHFPL4|RPE65	0.706053915336782	ZNF217|ZNF423|SOX6|ZNF524|SATB1|ZNF512|MYT1L|IRF3|ZNF581|TAL1|SOX8|MYT1|ATOH8	heptadecanoic_acid|2_hydroxyglutaric_acid|pyrophosphate	Voltage-Gated Monoatomic Ion Channel Activity (GO:0005244)|AMPA Glutamate Receptor Activity (GO:0004971)|Beta-1,3-Galactosyltransferase Activity (GO:0048531)	Dendrite (GO:0030425)|Neuron Projection (GO:0043005)|Postsynaptic Density Membrane (GO:0098839)	Synapse Organization (GO:0050808)|Synaptic Membrane Adhesion (GO:0099560)|Cell-Cell Adhesion via Plasma-Membrane Adhesion Molecules (GO:0098742)	Cardiac Conduction|Neuronal System|Phase 1 - Inactivation of Fast Na+ Channels	Cell adhesion molecules|Dopaminergic synapse|Maturity onset diabetes of the young	0.0105005697715861	4.549102570560285	1.0	0.0	0	Cluster_4	Cluster_4	T cell activation	GO:0042110	rrvgo_parentTerm	69	0.0014576576458555212
61	SMPDL3B|LEF1|LRRC3|AGBL1|GLI1|FOXS1|MIA|SOX18|EBF1|CLIC5|NMUR1	0.6751662082613387	EBF1|POU3F2|FOXS1|ZNF215|LEF1|ERG|NPAS3|ZNF366|FOXL1|MEF2C	Unknown_046|myo_inositol|scyllo_inositol	Cis-Regulatory Region Sequence-Specific DNA Binding (GO:0000987)|RNA Polymerase II Cis-Regulatory Region Sequence-Specific DNA Binding (GO:0000978)|RNA Polymerase II Transcription Regulatory Region Sequence-Specific DNA Binding (GO:0000977)	beta-catenin-TCF Complex (GO:1990907)	Inorganic Anion Transport (GO:0015698)|Monoatomic Anion Transport (GO:0006820)|Cellular Response to Interleukin-4 (GO:0071353)	Binding of TCF LEF CTNNB1 to Target Gene Promoters|GLI Proteins Bind Promoters of Hh Responsive Genes to Promote Transcription|RUNX3 Regulates WNT Signaling	Basal cell carcinoma	0.1545432925030922	3.9701258797617034	1.0	0.0	0	Cluster_4	Cluster_4	T cell activation	GO:0042110	rrvgo_parentTerm	71	0.0014863237268607245
42	ZBTB1|SP3|ZNF654|YY1|ZNF684|ZNF117|ZNF680|ZNF770|ZNF322|ZBTB34|CEBPG|ZNF148|GABPA|UBP1|ZNF280D|SMAD2|CCDC144A|ZNF140|ZBTB6|E2F5|SMAD5|ZNF92|ZBTB10|NFYB|POU5F2|ZBTB41|ELK4|RLF|ZNF281|ZNF644|ZBTB25|ZNF107|ATF2	0.5941365893682349	ZBTB6|CREB1|ELK4|ZNF131|RBPJ|SP3	scyllo_inositol|L_methionine	FMN Binding (GO:0010181)|GTP Binding (GO:0005525)|Interleukin-1 Binding (GO:0019966)	RNA Polymerase I Complex (GO:0005736)|RNA Polymerase II, Core Complex (GO:0005665)|RNA Polymerase III Complex (GO:0005666)	Peripheral Nervous System Development (GO:0007422)|Galactolipid Biosynthetic Process (GO:0019375)|Galactosylceramide Biosynthetic Process (GO:0006682)	Glycosphingolipid Biosynthesis	Ether lipid metabolism|Sphingolipid metabolism	2.0807930186845423e-06	3.928770401847519	1.0	0.0	0	Cluster_2	Cluster_2	myelination	GO:0042552	rrvgo_parentTerm	73	0.0022754882021676845
43	VEGFA|GPRC5A|MT1G|ANGPTL4|CA9|HILPDA|MAFF|STC2|NDRG1|SPAG4|CA12|ADM|HSPA6|PLIN2|ZNF395|CLEC5A|HMOX1|NFIL3|LOX|ENO1	0.7756220562828622	BHLHE40|MAFF|NFIL3|STAT3|SRF|ZBTB39|LRRFIP1|NFE2L3|ZNF395	Unknown_015|putrescine|L_aspartic_acid	Hydro-Lyase Activity (GO:0016836)|Carbonate Dehydratase Activity (GO:0004089)|Cadherin Binding (GO:0045296)	Cytoplasmic Vesicle Lumen (GO:0060205)|Lipid Droplet (GO:0005811)|Secretory Granule Lumen (GO:0034774)	+ Reg of Blood Vessel Endothelial Cell Proliferation Inv in Sprouting Angiogenesis (GO:1903589)|Cellular Response to Decreased Oxygen Levels (GO:0036294)|Cellular Response to Hypoxia (GO:0071456)	Regulation of Gene Expression by Hypoxia-inducible Factor|Reversible Hydration of Carbon Dioxide|Cellular Responses to Stimuli	HIF-1 signaling pathway|Nitrogen metabolism|Mineral absorption	1.3549007050826493e-12	10.343222686747596	1.0	4.257042253521126	2	Cluster_4	Cluster_4	T cell activation	GO:0042110	rrvgo_parentTerm	74	0.004845106916385077
25	SEC14L6|FAM78B|RGS17|CNTNAP3B|GNA14|PTPRH|ZFX|SRPX|ESR2|CPNE8|ELMOD1|PTCHD4|NPAS2|ZNF436|EDA2R|BDNF|TGFA|DIRAS3|CNTNAP3|SCG2|RYR3|PCSK1|HTR4|GRIA1|SCN7A|AIRE|TRPM8|COL22A1|IGF2BP2	0.5572928915077228	MEF2A|ESR2|ZBED1|TFAP4|MXD3|NFIB|SALL3|NR2F1|HES6	myo_inositol|scyllo_inositol	Ligand-Gated Calcium Channel Activity (GO:0099604)	Coated Vesicle Membrane (GO:0030662)|ER to Golgi Transport Vesicle Membrane (GO:0012507)|Endoplasmic reticulum-Golgi Intermediate Compartment Membrane (GO:0033116)	Cellular Response to Calcium Ion (GO:0071277)|Negative Regulation of Apoptotic Signaling Pathway (GO:2001234)|Regulation of Trans-Synaptic Signaling (GO:0099177)	Constitutive Signaling by Aberrant PI3K in Cancer|Negative Regulation of the PI3K AKT Network|PI3K AKT Signaling in Cancer	Calcium signaling pathway|cAMP signaling pathway|Circadian entrainment	0.0010482877297732	3.2269496067028625	1.0	0.0	0	Cluster_5	Cluster_5	potassium ion transport	GO:0006813	rrvgo_parentTerm	75	0.004845106916385077
29	SOX15|ZKSCAN1|ZKSCAN5|GTF2I|ZNF282|ZNF777|CUX1|ZNF853|ZNF746|ZNF775|NRF1|ZNF786|ZSCAN25|DMTF1|ZNF212|ZSCAN21|ZNF425|ZNF398|ZNF3|ZNF789|ZNF316	0.7268096500297496	ZSCAN25|ZNF786|ZKSCAN5|ZNF775|ZSCAN21	L_2_aminoadipic_acid	RNA Polymerase II Transcription Regulatory Region Sequence-Specific DNA Binding (GO:0000977)|Cis-Regulatory Region Sequence-Specific DNA Binding (GO:0000987)|RNA Polymerase II Cis-Regulatory Region Sequence-Specific DNA Binding (GO:0000978)	Nucleus (GO:0005634)|Intracellular Membrane-Bounded Organelle (GO:0043231)	Regulation of DNA-templated Transcription (GO:0006355)|Regulation of Transcription by RNA Polymerase II (GO:0006357)|Regulation of RNA Biosynthetic Process (GO:2001141)	Generic Transcription Pathway|RNA Polymerase II Transcription|Gene Expression (Transcription)	Herpes simplex virus 1 infection	3.196564340469209e-07	6.758666676260995	1.0	0.0	0	Cluster_4	Cluster_4	T cell activation	GO:0042110	rrvgo_parentTerm	79	0.02238305289691897
45	FOXF2|FOXL2|FOXL2NB|NODAL|ZNF366|BCL6B|NKD2|XPNPEP2|LRRC36|SPATA22|MECOM|KIT|TBX3|FOXQ1|TMEM45B|ST6GALNAC1|ERG|VWA2	0.6559252953109403	BCL6B|TBX3|FOXQ1|ZNF366|MECOM|ZNF362|ZNF517|SOX17	homocysteine|D_mannose|putrescine	Cis-Regulatory Region Sequence-Specific DNA Binding (GO:0000987)|RNA Polymerase II Cis-Regulatory Region Sequence-Specific DNA Binding (GO:0000978)|RNA Polymerase II Transcription Regulatory Region Sequence-Specific DNA Binding (GO:0000977)	Exocytic Vesicle (GO:0070382)|Secretory Vesicle (GO:0099503)|Basement Membrane (GO:0005604)	Genitalia Development (GO:0048806)|Negative Regulation of Intracellular Steroid Hormone Receptor Signaling Pathway (GO:0033144)|Regulation of Transcription by RNA Polymerase II (GO:0006357)	Transcriptional and Post-Translational Regulation of MITF-M Expression and Activity	MAPK signaling pathway|Mucin type O-glycan biosynthesis|Signaling pathways regulating pluripotency of stem cells	0.9326049725310268	0.713584716950633	1.0	0.0	0	Cluster_4	Cluster_4	T cell activation	GO:0042110	rrvgo_parentTerm	80	0.029337970540506905
51	ESRRA|ESPNL|NR2F6|ZGPAT|SIX5|HSF1|ZNF787|IRF3|NR1H2|ZNF408|ZNF524|KLF16|ZNF837|NACC1|SLC2A4RG|TEAD2|GMEB2|USF2|ZNF263	0.6552300272035577	ZNF787|GMEB2|NR2F6|IRF3|ZNF408|ZNF628|KLF16|ZNF581|SIX5	sucrose|scyllo_inositol|Unknown_050	RNA Polymerase II Cis-Regulatory Region Sequence-Specific DNA Binding (GO:0000978)|Cis-Regulatory Region Sequence-Specific DNA Binding (GO:0000987)|RNA Polymerase II Transcription Regulatory Region Sequence-Specific DNA Binding (GO:0000977)	Nucleus (GO:0005634)|Intracellular Membrane-Bounded Organelle (GO:0043231)|Nuclear Stress Granule (GO:0097165)	Regulation of Transcription by RNA Polymerase II (GO:0006357)|Regulation of DNA-templated Transcription (GO:0006355)|Positive Regulation of DNA-templated Transcription (GO:0045893)	Nuclear Receptor Transcription Pathway	Cytosolic DNA-sensing pathway|Legionellosis|RIG-I-like receptor signaling pathway	0.0024835189810699	4.469293753532911	1.0	0.0	0	Cluster_4	Cluster_4	T cell activation	GO:0042110	rrvgo_parentTerm	81	0.029337970540506905
52	SERPINA3|ADAMTS15|TMEM132E|CYP21A2|PKNOX2|HMCN2|MSX1|SMIM5|CA3|C4B|MMEL1|CELSR1|ZBTB7C|SLC34A2|BCL6|GLIS3|HAS2|LRRC55	0.5696265926850447	GLIS3|ZBTB7C|PKNOX2|STAT3|MAFB	Unknown_023|heptadecanoic_acid|Unknown_028|D_ribose_5_phosphate	Axon Guidance Receptor Activity (GO:0008046)|Channel Activator Activity (GO:0099103)|Metalloendopeptidase Activity (GO:0004222)	Brush Border Membrane (GO:0031526)|Collagen-Containing Extracellular Matrix (GO:0062023)|Vesicle (GO:0031982)	Apical Protein Localization (GO:0045176)|Cellular Response to Platelet-Derived Growth Factor Stimulus (GO:0036120)|Epithelial Tube Branching Involved in Lung Morphogenesis (GO:0060441)	Diseases of Metabolism|Hyaluronan Biosynthesis and Export|Sodium-coupled Phosphate Cotransporters	Mineral absorption|Nitrogen metabolism|Steroid hormone biosynthesis	0.9326049725310268	0.713584716950633	1.0	4.730046948356807	1	Cluster_4	Cluster_4	T cell activation	GO:0042110	rrvgo_parentTerm	82	0.031342038128246194
95	PYGM|THBS4|EFCC1|ZNF174|GLI1|ZBTB40|AVIL|PTCH1|CLIC5|SCUBE3	0.5848907616719158	ZBTB40|RFX5|GLI1|KLF13|MXD4|DBP|ZHX2|POU5F1B	myo_inositol	BMP Binding (GO:0036122)|BMP Receptor Binding (GO:0070700)|Pyridoxal Phosphate Binding (GO:0030170)	Actin Cytoskeleton (GO:0015629)|Ciliary Membrane (GO:0060170)|Sarcoplasmic Reticulum (GO:0016529)	Smoothened Signaling Pathway (GO:0007224)|Regulation of Smoothened Signaling Pathway (GO:0008589)|Actin Filament Capping (GO:0051693)	GLI Proteins Bind Promoters of Hh Responsive Genes to Promote Transcription|Hedgehog 'On' State|Hedgehog 'Off' State	Basal cell carcinoma|Hedgehog signaling pathway|cAMP signaling pathway	0.4966302617841948	2.426188037632152	1.0	0.0	0	Cluster_4	Cluster_4	T cell activation	GO:0042110	rrvgo_parentTerm	84	0.04034397404002292
26	ZBTB45|GLI4|CC2D1A|WIZ|ZSCAN32|ZNF444|ZNF358|ZNF574|ZNF205|ZNF783|MYPOP|MEF2B|ZNF707|ZNF865|ZNF497|CIC|ZNF324B|ZNF496|ZFP41|ZNF581|E4F1|TCF3|ZNF512B|MZF1|ZNF628|ZNF576|ZNF692|ZNF500|ZNF554|ZNF384|ZNF579|ZNF446|ZNF784|ZNF296|ZNF584|ZNF341|ZNF414|ZNF580|GLIS2|ZNF324|ZNF792|ZNF835|ZNF526	0.688534128754655	ZNF500|CC2D1A|ZNF775|ZBTB45|ZNF444|ZNF853|SLC2A4RG|ZNF835|ZNF333	NA	Ligand-Gated Calcium Channel Activity (GO:0099604)	Coated Vesicle Membrane (GO:0030662)|ER to Golgi Transport Vesicle Membrane (GO:0012507)|Endoplasmic reticulum-Golgi Intermediate Compartment Membrane (GO:0033116)	Cellular Response to Calcium Ion (GO:0071277)|Negative Regulation of Apoptotic Signaling Pathway (GO:2001234)|Regulation of Trans-Synaptic Signaling (GO:0099177)	Constitutive Signaling by Aberrant PI3K in Cancer|Negative Regulation of the PI3K AKT Network|PI3K AKT Signaling in Cancer	Calcium signaling pathway|cAMP signaling pathway|Circadian entrainment	1.6288006826644032e-06	3.143565895935346	NA	NA	NA	Cluster_5	Cluster_5	potassium ion transport	GO:0006813	rrvgo_parentTerm	85	0.042384399371309764
58	ESPN|ACAN|ATG9B|MCHR1|STC2|DNAH11|NXPH4|HSF4|ZNF395|RARA|PRPH|TFR2|STAC2|CSRNP2	0.632187523840672	ZNF395|CSRNP2|ZNF641|ENO1|RARA|ZNF316	NA	Phosphatase Binding (GO:0019902)|Phospholipid Scramblase Activity (GO:0017128)|Protein Kinase B Binding (GO:0043422)	Cytolytic Granule (GO:0044194)|HFE-transferrin Receptor Complex (GO:1990712)|Non-Motile Cilium (GO:0097730)	Bone Morphogenesis (GO:0060349)|Cellular Response to Estrogen Stimulus (GO:0071391)|Cellular Response to Iron Ion (GO:0071281)	Defective B4GALT1 Causes B4GALT1-CDG (CDG-2d)|Defective CHST6 Causes MCDC1|Defective ST3GAL3 Causes MCT12 and EIEE15	Acute myeloid leukemia|Amyotrophic lateral sclerosis|Pathways of neurodegeneration	1.0	0.0	NA	NA	NA	Cluster_4	Cluster_4	T cell activation	GO:0042110	rrvgo_parentTerm	87	0.04974908918254654
30	KLRC2|DLX5|RARB|SAMD11|RASL11B|TFAP2A|MMP17|C1QL4|CDH3|ZNF469|ZFP69|CHRNA3|RGS8|KLHL35|EYA1|CABP7|ARHGEF16|SYT6|BCL11B|B4GALNT1|PDGFRA|WDR86|NPR3|BCL11A|BMPER|GDNF|KIF26A|IGF2|WNT7B|MAP3K15|B4GALNT3|F12|PODN|NHLH1|MYO5B|FCRLA|ZEB2|ELFN1|ULBP1	0.559504258934976	MYT1|DBX2|SOX4|SOX10|E2F3|E2F2|BCL11B|ZNF519|ZNF469|RORB|TFCP2L1	NA	Acetylgalactosaminyltransferase Activity (GO:0008376)|Cis-Regulatory Region Sequence-Specific DNA Binding (GO:0000987)|DNA-binding Transcription Repressor Activity, RNA Polymerase II-specific (GO:0001227)	SWI/SNF Complex (GO:0016514)|Cytoplasmic Side of Plasma Membrane (GO:0009898)|Dendrite (GO:0030425)	Embryonic Organ Development (GO:0048568)|Embryonic Placenta Development (GO:0001892)|Enteric Nervous System Development (GO:0048484)	Formation of the Ureteric Bud|Specification of the Neural Plate Border|Gastrulation	Natural killer cell mediated cytotoxicity|Pathways in cancer|Signaling pathways regulating pluripotency of stem cells	0.0190661145968549	2.062750963169036	NA	NA	NA	Cluster_4	Cluster_4	T cell activation	GO:0042110	rrvgo_parentTerm	88	0.05466961345397463
81	E2F8|ZNF367|DLGAP5|E2F1|FOXM1|TOP2A|PBK|MXD3|ASPM|E2F2|MYBL2	0.9148076066314016	MYBL2|E2F2|E2F8|FOXM1|E2F1	L_alanine|O_phosphocolamine|Unknown_022	RNA Polymerase II Transcription Regulatory Region Sequence-Specific DNA Binding (GO:0000977)|Cis-Regulatory Region Sequence-Specific DNA Binding (GO:0000987)|RNA Polymerase II Cis-Regulatory Region Sequence-Specific DNA Binding (GO:0000978)	Nucleus (GO:0005634)|Intracellular Membrane-Bounded Organelle (GO:0043231)|Mitotic Spindle (GO:0072686)	Regulation of Transcription by RNA Polymerase II (GO:0006357)|Positive Regulation of Transcription by RNA Polymerase II (GO:0045944)|Positive Regulation of DNA-templated Transcription (GO:0045893)	G0 and Early G1|Mitotic G1 Phase and G1 S Transition|Cell Cycle, Mitotic	Cellular senescence|Bladder cancer|Chronic myeloid leukemia	1.899613969312784e-43	57.56682525654469	NA	NA	NA	Cluster_4	Cluster_4	T cell activation	GO:0042110	rrvgo_parentTerm	91	0.06929292522557477
96	ZNF396|SLC47A2|MYZAP|AGT|A2ML1|RFX2|GCOM1|NWD1|ENTPD2|GMPR|MFAP4	0.6085067315099116	FOXJ1|ZNF396|ZNF625	D_mannose	GDP Phosphatase Activity (GO:0004382)|UDP Phosphatase Activity (GO:0045134)|Nucleoside Diphosphate Phosphatase Activity (GO:0017110)	Microfibril (GO:0001527)|Cortical Actin Cytoskeleton (GO:0030864)|Supramolecular Fiber (GO:0099512)	Elastic Fiber Assembly (GO:0048251)|Nucleoside Diphosphate Metabolic Process (GO:0009132)|UV Protection (GO:0009650)	Metabolism of Nucleotides	Purine metabolism	1.0	0.0	1.0	0.0	0	Cluster_3	Cluster_3	cilium movement	GO:0003341	rrvgo_parentTerm	92	0.08142827302278804
32	RFX4|ADIG|GLI3|HOMEZ|C10orf62|PRDM5|SMAD3|GHRHR|TCF7L2|BCO1|RFX2|HEY1|ZNF846|UBQLN3|ZNF275|COL28A1|POU5F1B|GLI2|ZFHX4|SERPINI2|NTN5|TRIL|KRTAP5-9|CRYBB3|TEAD1|SOX13|TRPS1|AR|TBX6|GLIS2|KCNE2|ZNF521	0.5801434230001902	RFX4|ZHX3|ZNF487|MYB|ZNF592|SALL1|SOX21|MSX2|ZNF275	D_fructose_6_phosphate|fructose	NA	NA	NA	NA	NA	1.590874790102927e-09	5.062710925300962	1.0	0.0	0	Cluster_0	Cluster_0	No BP enrichment	NA	fallback_no_bp_terms	93	0.11068848496898995
33	NR4A1|FOS|EGR1|ATF3|SRF|NR4A2|RGS1|FOSB|EGR3|JUNB|NR4A3|JUN|CSRNP1|EGR2|KLF6|CREM|KLF4	0.7843239692962358	EGR2|JUNB|FOS|KLF6|NR4A3|EGR1	creatinine|Unknown_021	Sequence-Specific DNA Binding (GO:0043565)|Double-Stranded DNA Binding (GO:0003690)|DNA-binding Transcription Activator Activity, RNA Polymerase II-specific (GO:0001228)	Nucleus (GO:0005634)|Intracellular Membrane-Bounded Organelle (GO:0043231)|Transcription Factor AP-1 Complex (GO:0035976)	Positive Regulation of Transcription by RNA Polymerase II (GO:0045944)|Regulation of Transcription by RNA Polymerase II (GO:0006357)|Regulation of DNA-templated Transcription (GO:0006355)	NGF-stimulated Transcription|Nuclear Events (Kinase and Transcription Factor Activation)|Signaling by NTRK1 (TRKA)	Human T-cell leukemia virus 1 infection|Osteoclast differentiation|Hepatitis B	2.431755889611499e-128	65.82819013869589	1.0	0.0	0	Cluster_4	Cluster_4	T cell activation	GO:0042110	rrvgo_parentTerm	94	0.13832631248942695
86	HIVEP3|NR2F6|SKI|NR1D1|ZNF592|SIX5|ATF7|MEF2B|IRF3|NR1H2|CIC|NFIC|ZNF837|ZNF581|NFAT5|PLAGL2|ZNF787|ZFHX3|ZNF579|ZBTB7A|MEF2D|IKZF4|RFX1|NACC1|FOXJ2|KLF16|RREB1	0.6115445071538169	ZBTB7A|NFIC|SKI|ZNF592|PLAGL2|ZNF449|CREB3L1|CIC	Unknown_050	Cis-Regulatory Region Sequence-Specific DNA Binding (GO:0000987)|RNA Polymerase II Cis-Regulatory Region Sequence-Specific DNA Binding (GO:0000978)|RNA Polymerase II Transcription Regulatory Region Sequence-Specific DNA Binding (GO:0000977)	Intracellular Membrane-Bounded Organelle (GO:0043231)|Nucleus (GO:0005634)	Regulation of Transcription by RNA Polymerase II (GO:0006357)|Regulation of DNA-templated Transcription (GO:0006355)|Negative Regulation of DNA-templated Transcription (GO:0045892)	Nuclear Receptor Transcription Pathway|Myogenesis	Apelin signaling pathway|cGMP-PKG signaling pathway|Circadian rhythm	3.3963896685883495e-14	7.776243710359461	NA	NA	NA	Cluster_4	Cluster_4	T cell activation	GO:0042110	rrvgo_parentTerm	95	0.15798112359649671
73	PHOSPHO1|CXCR1|CEACAM4|ALAS2|NFE2|HBA1|FCGR3B|PF4|PPBP|HBB|HBA2|TUBB1|APOBEC3A|IL1RL1|IL1R2|IL18RAP	0.8097730642365681	NFE2|ATMIN|CEBPD	Unknown_021	Cytokine Receptor Activity (GO:0004896)|CXCR Chemokine Receptor Binding (GO:0045236)|Chemokine Activity (GO:0008009)	Endocytic Vesicle Lumen (GO:0071682)|Platelet Alpha Granule Lumen (GO:0031093)|Tertiary Granule Lumen (GO:1904724)	Neutrophil Chemotaxis (GO:0030593)|Neutrophil Migration (GO:1990266)|Granulocyte Chemotaxis (GO:0071621)	Chemokine Receptors Bind Chemokines|Erythrocytes Take up Oxygen and Release Carbon Dioxide|Erythrocytes Take up Carbon Dioxide and Release Oxygen	Cytokine-cytokine receptor interaction|Viral protein interaction with cytokine and cytokine receptor|African trypanosomiasis	2.04823415083937e-12	13.647307711680853	NA	NA	NA	Cluster_4	Cluster_4	T cell activation	GO:0042110	rrvgo_parentTerm	97	0.2719917204428926
8	SLC9C2|DCDC1|CFAP54|RSPH4A|DNAH6|ANKRD45|NEK5|DNAI1|DNAH5|EFHC2|ZMYND10|CFAP43|RSPH1|VWA3A|LRRC74B|FOXJ1|VWA3B|MAK|DNAAF3|MORN5|DRC1|PRR29|TEKT1|CFAP52|CCDC65|DRC7|ZBBX|CFAP126|ROPN1L|WDR93|C7orf57|HYDIN|DNAAF1|CFAP57|SPEF1|SDR42E2|C6orf118	0.8428715934368757	FOXJ1|ZNF396|ZNF169	N_formylglycine|L_serine	Potassium:Proton Antiporter Activity (GO:0015386)|Sodium:Proton Antiporter Activity (GO:0015385)|Solute:Potassium Antiporter Activity (GO:0022821)	9+2 Motile Cilium (GO:0097729)|Motile Cilium (GO:0031514)|Sperm Flagellum (GO:0036126)	Cilium Movement (GO:0003341)|Axoneme Assembly (GO:0035082)|Axonemal Dynein Complex Assembly (GO:0070286)	Ion Channel Transport|Stimuli-sensing Channels|Transport of Small Molecules	Amyotrophic lateral sclerosis|Huntington disease	2.8189829768667594e-20	6.721196590737718	1.0	0.0	0	Cluster_3	Cluster_3	cilium movement	GO:0003341	rrvgo_parentTerm	98	0.2978435204907211
36	DTHD1|TCF7|BAIAP3|MYO7B|DLEC1|FREM1|CCDC39|DNAH9|KIAA2012|TTC29|DNAAF3|C8orf34|ZNF648|ZNF487|ZNF396|DNAH2|FRMPD2|ANKUB1|DYNLRB2|ZNF165|ZNF19|NR1I2|GMPR|EXPH5|DNAI2|MAPK15|EFCC1|C10orf105|C2orf50	0.6557253304495013	FOXJ1|GRHL1|ZNF19|ZNF487|FOXP4|ZNF165|CREB3L4|MEIS1	Unknown_002|N_formylglycine|Unknown_013|D_glucose_6_phosphate	RNA Polymerase II Transcription Regulatory Region Sequence-Specific DNA Binding (GO:0000977)	9+2 Motile Cilium (GO:0097729)|Cilium (GO:0005929)|Sperm Flagellum (GO:0036126)	Cilium Movement (GO:0003341)|Axonemal Dynein Complex Assembly (GO:0070286)|Motile Cilium Assembly (GO:0044458)	Binding of TCF LEF CTNNB1 to Target Gene Promoters|MITF-M-dependent Gene Expression|RUNX3 Regulates WNT Signaling	Amyotrophic lateral sclerosis|Huntington disease|Pathways of neurodegeneration	0.0099751834629295	2.6891246722523854	1.0	0.0	0	Cluster_3	Cluster_3	cilium movement	GO:0003341	rrvgo_parentTerm	99	0.3069995614312847
41	NFATC1|SKI|NR1D1|ZBTB4|ZNF592|ATF7|SMAD3|SP2|MLXIP|NFIC|FOXK1|CASZ1|ZNF142|MNT|PLAGL2|PPARD|NTN5|RELA|ZFHX3|CRYBB3|MEF2D|RFX1|FOXJ2|RREB1|FOXP4|MTF1	0.6704593008089184	ATF7|NFIC|SP2|SKI|FOXJ2|ZFHX3|MNT|ZNF319|RREB1|FOXP4	Unknown_035|hypotaurine	FMN Binding (GO:0010181)|GTP Binding (GO:0005525)|Interleukin-1 Binding (GO:0019966)	RNA Polymerase I Complex (GO:0005736)|RNA Polymerase II, Core Complex (GO:0005665)|RNA Polymerase III Complex (GO:0005666)	Peripheral Nervous System Development (GO:0007422)|Galactolipid Biosynthetic Process (GO:0019375)|Galactosylceramide Biosynthetic Process (GO:0006682)	Glycosphingolipid Biosynthesis	Ether lipid metabolism|Sphingolipid metabolism	2.3220739413533497e-11	7.054608294038103	1.0	0.0	0	Cluster_2	Cluster_2	myelination	GO:0042552	rrvgo_parentTerm	100	0.3305634180392012
34	BATF2|OASL|CXCL11|MAX|IFI44L|IRF7|ZNF217|TGIF1|ISG15|RUFY4|ETV6|HSH2D|IFIT1|IRF1|PLSCR1|STAT1|SP110|IFITM1|APOL1|CXCL9|GBP5|STAT2|MX1|IFI6|RSAD2|SP140L|SP100|ZBP1|MX2|ETV7|IFI27|IRF9|IRF2|CXCL10|SIGLEC1	0.7416866037825514	IRF7|SP110|PLSCR1|SP100|ZNF511|STAT1|ETV7|VENTX|RELB|KLF11	galactitol|L_alanine|DL_isoleucine	RNA Polymerase II Transcription Regulatory Region Sequence-Specific DNA Binding (GO:0000977)|CXCR Chemokine Receptor Binding (GO:0045236)|RNA Polymerase II Cis-Regulatory Region Sequence-Specific DNA Binding (GO:0000978)	Nucleus (GO:0005634)	Defense Response to Virus (GO:0051607)|Negative Regulation of Viral Process (GO:0048525)|Cellular Response to Type I Interferon (GO:0071357)	Interferon Alpha Beta Signaling|Interferon Signaling|Cytokine Signaling in Immune System	Hepatitis C|Influenza A|Human papillomavirus infection	5.975242417154143e-254	37.616108650683366	1.0	0.0	0	Cluster_4	Cluster_4	T cell activation	GO:0042110	rrvgo_parentTerm	101	0.33125854245957026
67	E2F7|VASH2|ZNF668|PBX4|CYP3A5|USF1|CDC42BPG|ZNF878|ZBTB17|ZBTB48|ZNF511|JUND	0.6256077942912465	USF1|ZBTB17|MAZ|ZBTB38|ZNF672|ZNF878|E2F1|HES4	phosphoenolpyruvic_acid|scyllo_inositol|DL_isoleucine	Transcription Cis-Regulatory Region Binding (GO:0000976)|RNA Polymerase II Transcription Regulatory Region Sequence-Specific DNA Binding (GO:0000977)|Cis-Regulatory Region Sequence-Specific DNA Binding (GO:0000987)	Transcription Factor AP-1 Complex (GO:0035976)	Positive Regulation of DNA-templated Transcription (GO:0045893)|Regulation of DNA-templated Transcription (GO:0006355)|Regulation of Transcription by RNA Polymerase II (GO:0006357)	ESR-mediated Signaling|Estrogen-dependent Gene Expression|TP53 Regulates Transcription of Genes Involved in G1 Cell Cycle Arrest	Metabolism of xenobiotics by cytochrome P450|Retinol metabolism|Steroid hormone biosynthesis	0.199522600535293	3.3084382331347526	1.0	2.3650234741784035	1	Cluster_4	Cluster_4	T cell activation	GO:0042110	rrvgo_parentTerm	102	0.3959496921557955
70	SLC9C2|DCDC1|CFAP54|DTHD1|RSPH4A|DNAH6|ANKRD45|NEK5|DNAI1|DLEC1|DNAH5|EFHC2|ZMYND10|CFAP43|RSPH1|VWA3A|LRRC74B|FOXJ1|VWA3B|TTC29|MAK|C8orf34|ZNF487|MORN5|DRC1|PRR29|TEKT1|CFAP52|CCDC65|ANKUB1|DRC7|ZBBX|DYNLRB2|CFAP126|ROPN1L|ZNF165|WDR93|EXPH5|IGSF5|C7orf57|HYDIN|DNAAF1|CFAP57|SPEF1|SDR42E2|C6orf118	0.8086398932273015	FOXJ1|RORB|POU6F2	N_formylglycine|D_glucose_6_phosphate|D_fructose_6_phosphate|fumaric_acid	Potassium:Proton Antiporter Activity (GO:0015386)|Sodium:Proton Antiporter Activity (GO:0015385)|Solute:Potassium Antiporter Activity (GO:0022821)	9+2 Motile Cilium (GO:0097729)|Sperm Flagellum (GO:0036126)|Motile Cilium (GO:0031514)	Cilium Movement (GO:0003341)|Axoneme Assembly (GO:0035082)|Cilium-Dependent Cell Motility (GO:0060285)	Intraflagellar Transport|Ion Channel Transport|Stimuli-sensing Channels	Amyotrophic lateral sclerosis|Huntington disease|Pathways of neurodegeneration	9.120691744322375e-14	4.324943893170357	1.0	0.0	0	Cluster_3	Cluster_3	cilium movement	GO:0003341	rrvgo_parentTerm	103	0.4624654954164336
74	HS6ST2|TSHZ2|F11|OR52K2|FAM90A1|CAPN9|SMIM5|NT5E|SLC9C1|C1orf94|LRCOL1|OVCH1	0.5078596564926101	ZNF93|ZNF83|MSC|ZNF880	NA	5'-Nucleotidase Activity (GO:0008253)|Calcium-Dependent Cysteine-Type Endopeptidase Activity (GO:0004198)|Heparan Sulfate Sulfotransferase Activity (GO:0034483)	Bounding Membrane of Organelle (GO:0098588)|Golgi Membrane (GO:0000139)|Nucleus (GO:0005634)	AMP Metabolic Process (GO:0046033)|Leukocyte Cell-Cell Adhesion (GO:0007159)|Nucleic Acid Metabolic Process (GO:0090304)	Defective F9 Activation|Defective Factor IX Causes Hemophilia B|Pyrimidine Catabolism	Glycosaminoglycan biosynthesis|Nicotinate and nicotinamide metabolism|Pyrimidine metabolism	1.0	0.0	NA	NA	NA	Cluster_3	Cluster_3	cilium movement	GO:0003341	rrvgo_parentTerm	104	0.7776660573206393
