Module,N_genes,N_PPIs_observed,N_PPIs_expected,Fold_enrichment,P_value,PPI_density,FDR
56,141,689,90.40244611353067,7.6214751881241,0.0,0.06980749746707193,0.0
79,553,2912,1397.968039049236,2.0830233014343187,1.1515993321423963e-289,0.019079068060906257,5.98831652714046e-288
4,62,306,17.320266018306636,17.66716513918283,3.165306402358443e-269,0.16181914331041777,1.0973062194842602e-267
34,35,205,5.449792850815679,37.616108650683366,2.298170160443901e-255,0.3445378151260504,5.9752424171541425e-254
0,71,287,22.76089955340666,12.609343463186818,3.261194249846684e-210,0.11549295774647887,6.783284039681102e-209
33,17,82,1.245666937329298,65.82819013869589,1.4029360901604803e-129,0.6029411764705882,2.431755889611499e-128
82,27,106,3.2149198161954677,32.97127333192412,9.3437145062529e-126,0.301994301994302,1.3882090123575737e-124
7,58,175,15.140348877980365,11.558518328102357,2.0526419966835298e-122,0.10586811857229281,2.6684345956885885e-121
11,45,144,9.067722558500037,15.880503519046812,8.4445191366594e-121,0.14545454545454545,9.758111002361973e-120
18,26,100,2.976777607588396,33.59337282875288,1.1119641367998769e-119,0.3076923076923077,1.1564427022718719e-118
93,11,29,0.5037623643611132,57.56682525654469,2.1918622722839817e-44,0.5272727272727272,1.899613969312784e-43
81,11,29,0.5037623643611132,57.56682525654469,2.1918622722839817e-44,0.5272727272727272,1.899613969312784e-43
54,183,338,152.5300846128294,2.215956287298687,5.004780629886824e-39,0.02029664324746292,4.003824503909459e-38
13,91,124,37.50739785561379,3.306014468861394,2.7297278225978183e-29,0.03028083028083028,2.0277978110726654e-28
75,35,45,5.449792850815679,8.257194581857323,1.4532271558770408e-26,0.07563025210084033,1.0075708280747484e-25
66,131,176,77.99157331881598,2.2566540526185133,6.065131347582668e-22,0.020669406928948912,3.942335375928734e-21
1,68,77,20.86492120026574,3.690404543632751,1.5373832810403968e-21,0.033801580333625986,9.40516830754125e-21
8,37,41,6.100104266627297,6.721196590737718,4.879008998423236e-21,0.06156156156156156,2.818982976866759e-20
12,66,70,19.646732210083414,3.5629334818374256,6.132590232101407e-19,0.03263403263403263,3.2277887451058788e-18
10,53,55,12.621537056174798,4.357630909390114,6.207286048280537e-19,0.03991291727140784,3.2277887451058788e-18
5,47,47,9.901220288624788,4.746889638845515,7.951252261127374e-18,0.043478260869565216,3.9377630245583185e-17
86,27,25,3.2149198161954677,7.776243710359461,7.184670452783045e-15,0.07122507122507123,3.396389668588349e-14
70,46,41,9.479891765704584,4.324943893170357,2.017076058840525e-14,0.03961352657004831,9.120691744322374e-14
24,27,24,3.2149198161954677,7.465193961945082,5.978543630913685e-14,0.06837606837606838,2.590702240062597e-13
43,20,18,1.7402699859747546,10.343222686747595,3.2569728487563684e-13,0.09473684210526316,1.3549007050826493e-12
73,16,15,1.0991178858787924,13.647307711680853,5.120585377098425e-13,0.125,2.04823415083937e-12
88,147,175,98.28861694471101,1.7804706734091134,1.4084938300542407e-12,0.016307893020221786,5.425309567616334e-12
41,26,21,2.976777607588396,7.054608294038103,6.251737534412865e-12,0.06461538461538462,2.32207394135335e-11
60,1040,5389,4948.59509485495,1.0889959466683663,1.6217291567188314e-11,0.009974457688605907,5.8158562861640847e-11
65,11,10,0.5037623643611132,19.850629398808515,8.339388342968313e-11,0.18181818181818182,2.890987958895682e-10
32,32,23,4.543020594965675,5.062710925300962,4.742030624345264e-10,0.046370967741935484,1.5908747901029273e-09
31,101,87,46.25454436406584,1.8808962707583912,4.9359903071549474e-08,0.01722772277227723,1.604196849825358e-07
29,21,13,1.9234563002878866,6.758666676260995,1.014294454187345e-07,0.06190476190476191,3.1965643404692083e-07
21,48,31,10.331708127260647,3.0004719082418903,1.319289752991761e-07,0.0274822695035461,4.035474538563033e-07
26,43,26,8.270862091237912,3.143565895935346,5.481540758966742e-07,0.028792912513842746,1.6288006826644032e-06
42,33,19,4.836118697866686,3.928770401847519,7.202745064677262e-07,0.03598484848484849,2.0807930186845423e-06
14,35,20,5.449792850815679,3.669864258603255,1.0638685304220228e-06,0.03361344537815126,2.9903331665916316e-06
64,40,23,7.14426625821215,3.219364896088817,1.6096842777127001e-06,0.029487179487179487,4.405451707424232e-06
91,13,7,0.7144266258212151,9.79806707505292,8.087370545793975e-06,0.08974358974358974,2.15663214554506e-05
63,29,14,3.7186821805565806,3.764774541153339,3.140626037656775e-05,0.034482758620689655,8.165627697907614e-05
28,27,12,3.2149198161954677,3.732596980972541,0.00012158320332532911,0.03418803418803419,0.0003065154506202917
50,29,13,3.7186821805565806,3.4958620739281008,0.0001237850858274255,0.03201970443349754,0.0003065154506202917
35,31,14,4.25908180778032,3.287093470340335,0.00013155323171345403,0.030107526881720432,0.0003181752580976563
89,15,6,0.9617281501439433,6.238769239625533,0.0004382417301088077,0.05714285714285714,0.001035844089348091
25,29,12,3.7186821805565806,3.2269496067028625,0.00045358603692112357,0.029556650246305417,0.0010482877297732633
51,19,7,1.5662429873772792,4.469293753532911,0.001098479549319394,0.04093567251461988,0.0024835189810699346
78,35,14,5.449792850815679,2.5689049810222784,0.0014617893148832811,0.023529411764705882,0.0032345976329332176
46,66,34,19.646732210083414,1.7305676911781782,0.0019434914724252826,0.015850815850815853,0.004210898190254778
40,21,7,1.9234563002878866,3.639282056448228,0.0034903927172122836,0.03333333333333333,0.00740818046102199
36,29,10,3.7186821805565806,2.6891246722523854,0.004795761280254568,0.024630541871921183,0.0099751834629295
49,16,5,1.0991178858787924,4.549102570560285,0.005149317868758591,0.041666666666666664,0.010500569771586147
72,13,4,0.7144266258212151,5.598895471458811,0.005862297188418945,0.05128205128205128,0.01172459437683789
30,39,14,6.787052945301543,2.062750963169036,0.009716385323397234,0.018893387314439947,0.01906611459685495
77,18,5,1.4013753044954602,3.5679235847531645,0.013835466270103137,0.032679738562091505,0.0266460831868653
62,96,56,41.76647966339411,1.3407881260598735,0.01980387280911031,0.012280701754385965,0.03744732312995404
2,65,28,19.051376688565735,1.4697100612579381,0.03148968724248436,0.013461538461538462,0.05848084773604239
48,46,16,9.479891765704584,1.6877829827006272,0.032262910304485096,0.015458937198067632,0.05886566090642894
92,13,3,0.7144266258212151,4.199171603594109,0.03517875587770879,0.038461538461538464,0.06307914847037438
98,17,4,1.245666937329298,3.2111312262778484,0.0371156166364168,0.029411764705882353,0.06542413779978555
27,31,8,4.25908180778032,1.878339125908763,0.06716660120075778,0.017204301075268817,0.11642210874798016
61,11,2,0.5037623643611132,3.9701258797617025,0.0906455850258522,0.03636363636363636,0.15454329250309226
90,16,3,1.0991178858787924,2.7294615423361708,0.09856590376412869,0.025,0.1653363547011191
6,65,25,19.051376688565735,1.312241126123159,0.10795988213918016,0.01201923076923077,0.1782194879757895
67,12,2,0.6045148372333358,3.3084382331347526,0.12278313879094956,0.030303030303030304,0.19952260053529303
53,22,4,2.115801930316675,1.8905361332198587,0.16357208492607106,0.017316017316017316,0.2617153358817137
15,50,14,11.220161751679338,1.2477538479251067,0.2386763657139857,0.011428571428571429,0.3760960914280987
17,42,10,7.886170831180335,1.2680425283791734,0.26871423567385855,0.011614401858304297,0.41710866432957144
44,32,6,4.543020594965675,1.3207071979045988,0.30406812866548005,0.012096774193548387,0.46504537325308715
55,10,1,0.41216920720454714,2.426188037632152,0.3390456594872868,0.022222222222222223,0.4966302617841948
95,10,1,0.41216920720454714,2.426188037632152,0.3390456594872868,0.022222222222222223,0.4966302617841948
101,10,1,0.41216920720454714,2.426188037632152,0.3390456594872868,0.022222222222222223,0.4966302617841948
39,26,4,2.976777607588396,1.3437349131501148,0.3475396246260493,0.012307692307692308,0.5020016800154046
83,22,3,2.115801930316675,1.4179020999148941,0.3547767800722063,0.012987012987012988,0.505435412705609
69,108,55,52.92252620506385,1.0392550005433672,0.40539263247909746,0.009518864659051576,0.5697409969976505
22,124,72,69.84894164759726,1.030795861779199,0.41393225011757584,0.00944138473642801,0.5739860534963719
68,19,2,1.5662429873772792,1.2769410724379746,0.4649514350623186,0.011695906432748537,0.6362493321905413
20,36,6,5.77036890086366,1.0397948732709223,0.5173672451716961,0.009523809523809525,0.6987817337383947
100,15,1,0.9617281501439433,1.0397948732709221,0.6194627691391889,0.009523809523809525,0.823770162509241
76,22,2,2.115801930316675,0.9452680666099293,0.6257484888291349,0.008658008658008658,0.823770162509241
87,16,1,1.0991178858787924,0.9098205141120569,0.668523262281705,0.008333333333333333,0.866036710403486
57,23,2,2.3173068760611204,0.8630708434264572,0.6745093609873304,0.007905138339920948,0.866036710403486
19,43,7,8.270862091237912,0.8463446642902855,0.7197932585908523,0.007751937984496124,0.9129085230908371
52,18,1,1.4013753044954602,0.713584716950633,0.7553330497227063,0.006535947712418301,0.9326049725310267
45,18,1,1.4013753044954602,0.713584716950633,0.7553330497227063,0.006535947712418301,0.9326049725310267
47,44,7,8.664712667011147,0.8078744522770908,0.7622252179340122,0.007399577167019027,0.9326049725310267
23,42,6,7.886170831180335,0.7608255170275041,0.7994080015572227,0.006968641114982578,0.9667259553715252
84,23,1,2.3173068760611204,0.4315354217132286,0.9025145923713034,0.003952569169960474,1.0
37,28,1,3.462221340518196,0.28883190924192287,0.969140991657656,0.0026455026455026454,1.0
38,31,1,4.25908180778032,0.23479239073859537,0.9861426143758071,0.002150537634408602,1.0
59,58,7,15.140348877980365,0.46234073312409424,0.9932120438997838,0.004234724742891712,1.0
71,39,1,6.787052945301543,0.147339354512074,0.998907089697442,0.001349527665317139,1.0
9,94,20,40.03536899313501,0.49955827816722415,0.9998369227067785,0.004575611988103409,1.0
85,384,583,673.539440466524,0.865576631408827,0.9998587118719717,0.007928089643167973,1.0
16,159,74,115.05016470436259,0.6431976885052995,0.9999838545299543,0.0058912506966005895,1.0
3,61,2,16.761547759651584,0.11932072316223696,0.9999991312650771,0.001092896174863388,1.0
58,14,0,0.8334977301247508,0.0,1.0,0.0,1.0
94,15,0,0.9617281501439433,0.0,1.0,0.0,1.0
80,13,0,0.7144266258212151,0.0,1.0,0.0,1.0
74,12,0,0.6045148372333358,0.0,1.0,0.0,1.0
96,11,0,0.5037623643611132,0.0,1.0,0.0,1.0
99,13,0,0.7144266258212151,0.0,1.0,0.0,1.0
97,12,0,0.6045148372333358,0.0,1.0,0.0,1.0
102,11,0,0.5037623643611132,0.0,1.0,0.0,1.0
103,10,0,0.41216920720454714,0.0,1.0,0.0,1.0
